# WA DoT Lidar2009TRBS (BU2009TRBS_Lidar.bag) bilinear-resampled to the bunbury-airwave model frame, 5 m spacing.
# x_m alongshore (+NNE, bearing 12.3 true), y_m seaward from the fitted 0 m AHD contour (bearing 282.3 true). Origin MGA94 z50 E372378.8 N6311547.1.
# ahd_m = metres relative to AHD (source datum per DoT index); z_msl_m = ahd_m - 0.10; filled=1 where no lidar return (interpolated, see SOURCES_3D.md)
x_m,y_m,ahd_m,z_msl_m,filled
-150,-40,2.640,2.540,0
-145,-40,2.512,2.412,0
-140,-40,2.451,2.351,0
-135,-40,2.467,2.367,0
-130,-40,2.469,2.369,0
-125,-40,2.476,2.376,0
-120,-40,2.461,2.361,0
-115,-40,2.457,2.357,0
-110,-40,2.505,2.405,0
-105,-40,2.474,2.374,0
-100,-40,2.398,2.298,0
-95,-40,2.358,2.258,0
-90,-40,2.333,2.233,0
-85,-40,2.357,2.257,0
-80,-40,2.339,2.239,0
-75,-40,2.275,2.175,0
-70,-40,2.229,2.129,0
-65,-40,2.292,2.192,0
-60,-40,2.408,2.308,0
-55,-40,2.429,2.329,0
-50,-40,2.364,2.264,0
-45,-40,2.292,2.192,0
-40,-40,2.209,2.109,0
-35,-40,2.169,2.069,0
-30,-40,2.130,2.030,0
-25,-40,2.117,2.017,0
-20,-40,2.101,2.001,0
-15,-40,2.115,2.015,0
-10,-40,2.155,2.055,0
-5,-40,2.166,2.066,0
0,-40,2.150,2.050,0
5,-40,2.174,2.074,0
10,-40,2.203,2.103,0
15,-40,2.216,2.116,0
20,-40,2.216,2.116,0
25,-40,2.188,2.088,0
30,-40,2.144,2.044,0
35,-40,2.093,1.993,0
40,-40,2.080,1.980,0
45,-40,2.108,2.008,0
50,-40,2.150,2.050,0
55,-40,2.200,2.100,0
60,-40,2.252,2.152,0
65,-40,2.265,2.165,0
70,-40,2.246,2.146,0
75,-40,2.220,2.120,0
80,-40,2.188,2.088,0
85,-40,2.162,2.062,0
90,-40,2.164,2.064,0
95,-40,2.149,2.049,0
100,-40,2.114,2.014,0
105,-40,2.094,1.994,0
110,-40,2.090,1.990,0
115,-40,2.086,1.986,0
120,-40,2.068,1.968,0
125,-40,2.040,1.940,0
130,-40,2.016,1.916,0
135,-40,1.969,1.869,0
140,-40,1.900,1.800,0
145,-40,1.835,1.735,0
150,-40,1.786,1.686,0
-150,-35,1.963,1.863,0
-145,-35,1.778,1.678,0
-140,-35,1.730,1.630,0
-135,-35,1.826,1.726,0
-130,-35,1.913,1.813,0
-125,-35,1.989,1.889,0
-120,-35,2.000,1.900,0
-115,-35,1.977,1.877,0
-110,-35,1.951,1.851,0
-105,-35,1.914,1.814,0
-100,-35,1.884,1.784,0
-95,-35,1.846,1.746,0
-90,-35,1.853,1.753,0
-85,-35,1.965,1.865,0
-80,-35,1.988,1.888,0
-75,-35,1.907,1.807,0
-70,-35,1.866,1.766,0
-65,-35,1.905,1.805,0
-60,-35,1.964,1.864,0
-55,-35,2.043,1.943,0
-50,-35,2.082,1.982,0
-45,-35,2.047,1.947,0
-40,-35,2.015,1.915,0
-35,-35,1.974,1.874,0
-30,-35,1.940,1.840,0
-25,-35,1.939,1.839,0
-20,-35,1.939,1.839,0
-15,-35,1.970,1.870,0
-10,-35,1.993,1.893,0
-5,-35,1.974,1.874,0
0,-35,1.969,1.869,0
5,-35,2.019,1.919,0
10,-35,2.100,2.000,0
15,-35,2.139,2.039,0
20,-35,2.167,2.067,0
25,-35,2.152,2.052,0
30,-35,2.127,2.027,0
35,-35,2.092,1.992,0
40,-35,2.049,1.949,0
45,-35,2.042,1.942,0
50,-35,2.054,1.954,0
55,-35,2.095,1.995,0
60,-35,2.159,2.059,0
65,-35,2.182,2.082,0
70,-35,2.184,2.084,0
75,-35,2.178,2.078,0
80,-35,2.164,2.064,0
85,-35,2.157,2.057,0
90,-35,2.153,2.053,0
95,-35,2.127,2.027,0
100,-35,2.076,1.976,0
105,-35,2.025,1.925,0
110,-35,1.983,1.883,0
115,-35,2.004,1.904,0
120,-35,2.029,1.929,0
125,-35,2.040,1.940,0
130,-35,2.042,1.942,0
135,-35,2.011,1.911,0
140,-35,1.947,1.847,0
145,-35,1.882,1.782,0
150,-35,1.816,1.716,0
-150,-30,1.486,1.386,0
-145,-30,1.334,1.234,0
-140,-30,1.342,1.242,0
-135,-30,1.391,1.291,0
-130,-30,1.514,1.414,0
-125,-30,1.625,1.525,0
-120,-30,1.577,1.477,0
-115,-30,1.490,1.390,0
-110,-30,1.451,1.351,0
-105,-30,1.412,1.312,0
-100,-30,1.421,1.321,0
-95,-30,1.438,1.338,0
-90,-30,1.508,1.408,0
-85,-30,1.622,1.522,0
-80,-30,1.626,1.526,0
-75,-30,1.541,1.441,0
-70,-30,1.502,1.402,0
-65,-30,1.509,1.409,0
-60,-30,1.586,1.486,0
-55,-30,1.708,1.608,0
-50,-30,1.754,1.654,0
-45,-30,1.719,1.619,0
-40,-30,1.668,1.568,0
-35,-30,1.608,1.508,0
-30,-30,1.605,1.505,0
-25,-30,1.667,1.567,0
-20,-30,1.743,1.643,0
-15,-30,1.832,1.732,0
-10,-30,1.845,1.745,0
-5,-30,1.791,1.691,0
0,-30,1.747,1.647,0
5,-30,1.717,1.617,0
10,-30,1.740,1.640,0
15,-30,1.860,1.760,0
20,-30,1.966,1.866,0
25,-30,2.033,1.933,0
30,-30,2.079,1.979,0
35,-30,2.098,1.998,0
40,-30,2.071,1.971,0
45,-30,2.040,1.940,0
50,-30,2.021,1.921,0
55,-30,2.020,1.920,0
60,-30,2.039,1.939,0
65,-30,2.056,1.956,0
70,-30,2.075,1.975,0
75,-30,2.107,2.007,0
80,-30,2.132,2.032,0
85,-30,2.158,2.058,0
90,-30,2.164,2.064,0
95,-30,2.171,2.071,0
100,-30,2.162,2.062,0
105,-30,2.131,2.031,0
110,-30,2.094,1.994,0
115,-30,2.083,1.983,0
120,-30,2.084,1.984,0
125,-30,2.078,1.978,0
130,-30,2.081,1.981,0
135,-30,2.064,1.964,0
140,-30,2.025,1.925,0
145,-30,2.002,1.902,0
150,-30,1.977,1.877,0
-150,-25,1.140,1.040,0
-145,-25,0.958,0.858,0
-140,-25,0.954,0.854,0
-135,-25,1.002,0.902,0
-130,-25,1.241,1.141,0
-125,-25,1.446,1.346,0
-120,-25,1.346,1.246,0
-115,-25,1.231,1.131,0
-110,-25,1.151,1.051,0
-105,-25,1.067,0.967,0
-100,-25,1.069,0.969,0
-95,-25,1.085,0.985,0
-90,-25,1.167,1.067,0
-85,-25,1.290,1.190,0
-80,-25,1.264,1.164,0
-75,-25,1.188,1.088,0
-70,-25,1.177,1.077,0
-65,-25,1.189,1.089,0
-60,-25,1.286,1.186,0
-55,-25,1.418,1.318,0
-50,-25,1.450,1.350,0
-45,-25,1.409,1.309,0
-40,-25,1.293,1.193,0
-35,-25,1.174,1.074,0
-30,-25,1.168,1.068,0
-25,-25,1.237,1.137,0
-20,-25,1.357,1.257,0
-15,-25,1.510,1.410,0
-10,-25,1.553,1.453,0
-5,-25,1.501,1.401,0
0,-25,1.453,1.353,0
5,-25,1.383,1.283,0
10,-25,1.388,1.288,0
15,-25,1.534,1.434,0
20,-25,1.667,1.567,0
25,-25,1.780,1.680,0
30,-25,1.852,1.752,0
35,-25,1.872,1.772,0
40,-25,1.879,1.779,0
45,-25,1.858,1.758,0
50,-25,1.865,1.765,0
55,-25,1.889,1.789,0
60,-25,1.903,1.803,0
65,-25,1.913,1.813,0
70,-25,1.931,1.831,0
75,-25,1.982,1.882,0
80,-25,2.021,1.921,0
85,-25,2.026,1.926,0
90,-25,2.043,1.943,0
95,-25,2.081,1.981,0
100,-25,2.139,2.039,0
105,-25,2.193,2.093,0
110,-25,2.213,2.113,0
115,-25,2.203,2.103,0
120,-25,2.197,2.097,0
125,-25,2.160,2.060,0
130,-25,2.132,2.032,0
135,-25,2.102,2.002,0
140,-25,2.072,1.972,0
145,-25,2.061,1.961,0
150,-25,2.074,1.974,0
-150,-20,1.006,0.906,0
-145,-20,0.882,0.782,0
-140,-20,0.841,0.741,0
-135,-20,0.848,0.748,0
-130,-20,1.050,0.950,0
-125,-20,1.235,1.135,0
-120,-20,1.116,1.016,0
-115,-20,0.974,0.874,0
-110,-20,0.913,0.813,0
-105,-20,0.851,0.751,0
-100,-20,0.879,0.779,0
-95,-20,0.904,0.804,0
-90,-20,0.985,0.885,0
-85,-20,1.070,0.970,0
-80,-20,0.996,0.896,0
-75,-20,0.903,0.803,0
-70,-20,0.884,0.784,0
-65,-20,0.875,0.775,0
-60,-20,1.010,0.910,0
-55,-20,1.156,1.056,0
-50,-20,1.201,1.101,0
-45,-20,1.209,1.109,0
-40,-20,1.117,1.017,0
-35,-20,0.982,0.882,0
-30,-20,0.928,0.828,0
-25,-20,0.917,0.817,0
-20,-20,1.028,0.928,0
-15,-20,1.207,1.107,0
-10,-20,1.208,1.108,0
-5,-20,1.127,1.027,0
0,-20,1.091,0.991,0
5,-20,1.063,0.963,0
10,-20,1.132,1.032,0
15,-20,1.274,1.174,0
20,-20,1.413,1.313,0
25,-20,1.549,1.449,0
30,-20,1.619,1.519,0
35,-20,1.635,1.535,0
40,-20,1.600,1.500,0
45,-20,1.524,1.424,0
50,-20,1.508,1.408,0
55,-20,1.544,1.444,0
60,-20,1.602,1.502,0
65,-20,1.686,1.586,0
70,-20,1.750,1.650,0
75,-20,1.820,1.720,0
80,-20,1.877,1.777,0
85,-20,1.878,1.778,0
90,-20,1.864,1.764,0
95,-20,1.859,1.759,0
100,-20,1.890,1.790,0
105,-20,1.983,1.883,0
110,-20,2.049,1.949,0
115,-20,2.070,1.970,0
120,-20,2.099,1.999,0
125,-20,2.094,1.994,0
130,-20,2.119,2.019,0
135,-20,2.139,2.039,0
140,-20,2.105,2.005,0
145,-20,2.045,1.945,0
150,-20,2.008,1.908,0
-150,-15,0.878,0.778,0
-145,-15,1.056,0.956,1
-140,-15,0.729,0.629,0
-135,-15,0.741,0.641,0
-130,-15,0.883,0.783,0
-125,-15,0.994,0.894,0
-120,-15,0.971,0.871,0
-115,-15,0.899,0.799,0
-110,-15,0.796,0.696,0
-105,-15,0.723,0.623,0
-100,-15,0.730,0.630,0
-95,-15,1.066,0.966,1
-90,-15,0.807,0.707,0
-85,-15,0.862,0.762,0
-80,-15,0.812,0.712,0
-75,-15,0.761,0.661,0
-70,-15,0.776,0.676,0
-65,-15,1.058,0.958,1
-60,-15,1.056,0.956,1
-55,-15,1.053,0.953,1
-50,-15,1.055,0.955,1
-45,-15,1.037,0.937,1
-40,-15,0.975,0.875,0
-35,-15,0.897,0.797,0
-30,-15,0.840,0.740,0
-25,-15,0.797,0.697,0
-20,-15,0.900,0.800,0
-15,-15,1.031,0.931,0
-10,-15,0.971,0.871,0
-5,-15,0.866,0.766,0
0,-15,0.822,0.722,0
5,-15,0.784,0.684,0
10,-15,0.886,0.786,0
15,-15,1.040,0.940,0
20,-15,1.189,1.089,0
25,-15,1.334,1.234,0
30,-15,1.356,1.256,0
35,-15,1.341,1.241,0
40,-15,1.280,1.180,0
45,-15,1.189,1.089,0
50,-15,1.180,1.080,0
55,-15,1.213,1.113,0
60,-15,1.313,1.213,0
65,-15,1.450,1.350,0
70,-15,1.521,1.421,0
75,-15,1.561,1.461,0
80,-15,1.553,1.453,0
85,-15,1.509,1.409,0
90,-15,1.515,1.415,0
95,-15,1.547,1.447,0
100,-15,1.628,1.528,0
105,-15,1.779,1.679,0
110,-15,1.851,1.751,0
115,-15,1.830,1.730,0
120,-15,1.798,1.698,0
125,-15,1.731,1.631,0
130,-15,1.712,1.612,0
135,-15,1.757,1.657,0
140,-15,1.812,1.712,0
145,-15,1.861,1.761,0
150,-15,1.889,1.789,0
-150,-10,0.745,0.645,0
-145,-10,0.974,0.874,1
-140,-10,0.968,0.868,1
-135,-10,0.971,0.871,1
-130,-10,0.957,0.857,1
-125,-10,0.949,0.849,1
-120,-10,0.954,0.854,1
-115,-10,0.830,0.730,0
-110,-10,0.716,0.616,0
-105,-10,0.654,0.554,0
-100,-10,0.654,0.554,0
-95,-10,0.984,0.884,1
-90,-10,0.993,0.893,1
-85,-10,1.010,0.910,1
-80,-10,1.005,0.905,1
-75,-10,0.993,0.893,1
-70,-10,0.983,0.883,1
-65,-10,0.976,0.876,1
-60,-10,0.974,0.874,1
-55,-10,0.971,0.871,1
-50,-10,0.973,0.873,1
-45,-10,0.955,0.855,1
-40,-10,0.945,0.845,1
-35,-10,0.936,0.836,1
-30,-10,0.934,0.834,1
-25,-10,0.941,0.841,1
-20,-10,0.960,0.860,1
-15,-10,0.836,0.736,0
-10,-10,0.793,0.693,0
-5,-10,0.735,0.635,0
0,-10,0.726,0.626,0
5,-10,0.709,0.609,0
10,-10,0.810,0.710,0
15,-10,0.917,0.817,0
20,-10,1.000,0.900,1
25,-10,1.028,0.928,1
30,-10,1.052,0.952,1
35,-10,1.028,0.928,0
40,-10,0.954,0.854,0
45,-10,0.872,0.772,0
50,-10,0.910,0.810,0
55,-10,0.964,0.864,0
60,-10,1.082,0.982,0
65,-10,1.220,1.120,0
70,-10,1.114,1.014,1
75,-10,1.121,1.021,1
80,-10,1.127,1.027,1
85,-10,1.097,0.997,0
90,-10,1.114,1.014,0
95,-10,1.174,1.074,0
100,-10,1.313,1.213,0
105,-10,1.494,1.394,0
110,-10,1.539,1.439,0
115,-10,1.506,1.406,0
120,-10,1.452,1.352,0
125,-10,1.361,1.261,0
130,-10,1.311,1.211,0
135,-10,1.330,1.230,0
140,-10,1.424,1.324,0
145,-10,1.558,1.458,0
150,-10,1.632,1.532,0
-150,-5,0.652,0.552,1
-145,-5,0.646,0.546,1
-140,-5,0.639,0.539,1
-135,-5,0.643,0.543,1
-130,-5,0.628,0.528,1
-125,-5,0.620,0.520,1
-120,-5,0.626,0.526,1
-115,-5,0.634,0.534,1
-110,-5,0.620,0.520,1
-105,-5,0.635,0.535,1
-100,-5,0.646,0.546,1
-95,-5,0.655,0.555,1
-90,-5,0.665,0.565,1
-85,-5,0.681,0.581,1
-80,-5,0.677,0.577,1
-75,-5,0.665,0.565,1
-70,-5,0.655,0.555,1
-65,-5,0.648,0.548,1
-60,-5,0.645,0.545,1
-55,-5,0.643,0.543,1
-50,-5,0.644,0.544,1
-45,-5,0.627,0.527,1
-40,-5,0.617,0.517,1
-35,-5,0.608,0.508,1
-30,-5,0.606,0.506,1
-25,-5,0.613,0.513,1
-20,-5,0.632,0.532,1
-15,-5,0.637,0.537,1
-10,-5,0.639,0.539,1
-5,-5,0.637,0.537,1
0,-5,0.637,0.537,1
5,-5,0.629,0.529,0
10,-5,0.744,0.644,0
15,-5,0.657,0.557,1
20,-5,0.671,0.571,1
25,-5,0.699,0.599,1
30,-5,0.724,0.624,1
35,-5,0.737,0.637,1
40,-5,0.744,0.644,1
45,-5,0.745,0.645,1
50,-5,0.738,0.638,1
55,-5,0.704,0.604,0
60,-5,0.852,0.752,0
65,-5,0.983,0.883,0
70,-5,0.785,0.685,1
75,-5,0.793,0.693,1
80,-5,0.799,0.699,1
85,-5,0.818,0.718,1
90,-5,0.856,0.756,1
95,-5,0.874,0.774,1
100,-5,0.914,0.814,1
105,-5,0.944,0.844,1
110,-5,1.203,1.103,0
115,-5,1.137,1.037,0
120,-5,1.094,0.994,0
125,-5,1.042,0.942,0
130,-5,1.038,0.938,0
135,-5,1.052,0.952,0
140,-5,1.146,1.046,0
145,-5,1.291,1.191,0
150,-5,1.327,1.227,0
-150,0,0.324,0.224,1
-145,0,0.317,0.217,1
-140,0,0.311,0.211,1
-135,0,0.314,0.214,1
-130,0,0.300,0.200,1
-125,0,0.292,0.192,1
-120,0,0.297,0.197,1
-115,0,0.305,0.205,1
-110,0,0.291,0.191,1
-105,0,0.306,0.206,1
-100,0,0.318,0.218,1
-95,0,0.327,0.227,1
-90,0,0.336,0.236,1
-85,0,0.353,0.253,1
-80,0,0.348,0.248,1
-75,0,0.336,0.236,1
-70,0,0.326,0.226,1
-65,0,0.319,0.219,1
-60,0,0.317,0.217,1
-55,0,0.314,0.214,1
-50,0,0.316,0.216,1
-45,0,0.298,0.198,1
-40,0,0.288,0.188,1
-35,0,0.279,0.179,1
-30,0,0.277,0.177,1
-25,0,0.284,0.184,1
-20,0,0.303,0.203,1
-15,0,0.308,0.208,1
-10,0,0.311,0.211,1
-5,0,0.308,0.208,1
0,0,0.308,0.208,1
5,0,0.136,0.036,0
10,0,0.265,0.165,0
15,0,0.328,0.228,1
20,0,0.343,0.243,1
25,0,0.371,0.271,1
30,0,0.395,0.295,1
35,0,0.408,0.308,1
40,0,0.416,0.316,1
45,0,0.416,0.316,1
50,0,0.409,0.309,1
55,0,0.170,0.070,0
60,0,0.357,0.257,0
65,0,0.436,0.336,1
70,0,0.457,0.357,1
75,0,0.464,0.364,1
80,0,0.470,0.370,1
85,0,0.489,0.389,1
90,0,0.527,0.427,1
95,0,0.545,0.445,1
100,0,0.586,0.486,1
105,0,0.615,0.515,1
110,0,0.733,0.633,0
115,0,0.707,0.607,0
120,0,0.790,0.690,0
125,0,0.798,0.698,0
130,0,0.777,0.677,0
135,0,0.802,0.702,0
140,0,0.903,0.803,0
145,0,1.024,0.924,0
150,0,0.865,0.765,0
-150,5,-0.005,-0.105,1
-145,5,-0.011,-0.111,1
-140,5,-0.018,-0.118,1
-135,5,-0.014,-0.114,1
-130,5,-0.029,-0.129,1
-125,5,-0.037,-0.137,1
-120,5,-0.031,-0.131,1
-115,5,-0.023,-0.123,1
-110,5,-0.037,-0.137,1
-105,5,-0.022,-0.122,1
-100,5,-0.011,-0.111,1
-95,5,-0.002,-0.102,1
-90,5,0.008,-0.092,1
-85,5,0.024,-0.076,1
-80,5,0.020,-0.080,1
-75,5,0.008,-0.092,1
-70,5,-0.002,-0.102,1
-65,5,-0.366,-0.466,0
-60,5,-0.481,-0.581,0
-55,5,-0.014,-0.114,1
-50,5,-0.013,-0.113,1
-45,5,-0.030,-0.130,1
-40,5,-0.040,-0.140,1
-35,5,-0.049,-0.149,1
-30,5,-0.051,-0.151,1
-25,5,-0.044,-0.144,1
-20,5,-0.025,-0.125,1
-15,5,-0.020,-0.120,1
-10,5,-0.018,-0.118,1
-5,5,-0.020,-0.120,1
0,5,-0.020,-0.120,1
5,5,-0.369,-0.469,0
10,5,-0.296,-0.396,0
15,5,-0.000,-0.100,1
20,5,0.014,-0.086,1
25,5,0.042,-0.058,1
30,5,0.067,-0.033,1
35,5,0.080,-0.020,1
40,5,0.087,-0.013,1
45,5,0.088,-0.012,1
50,5,0.081,-0.019,1
55,5,-0.355,-0.455,0
60,5,-0.184,-0.284,0
65,5,0.107,0.007,1
70,5,0.128,0.028,1
75,5,0.135,0.035,1
80,5,0.142,0.042,1
85,5,0.161,0.061,1
90,5,0.199,0.099,1
95,5,0.217,0.117,1
100,5,0.257,0.157,1
105,5,0.238,0.138,0
110,5,0.255,0.155,0
115,5,0.313,0.213,0
120,5,0.594,0.494,0
125,5,0.757,0.657,0
130,5,0.629,0.529,0
135,5,0.550,0.450,0
140,5,0.556,0.456,0
145,5,0.617,0.517,0
150,5,0.352,0.252,0
-150,10,-0.333,-0.433,1
-145,10,-0.340,-0.440,1
-140,10,-0.346,-0.446,1
-135,10,-0.343,-0.443,1
-130,10,-0.357,-0.457,1
-125,10,-0.365,-0.465,1
-120,10,-0.639,-0.739,0
-115,10,-0.352,-0.452,1
-110,10,-0.366,-0.466,1
-105,10,-0.351,-0.451,1
-100,10,-0.339,-0.439,1
-95,10,-0.330,-0.430,1
-90,10,-0.321,-0.421,1
-85,10,-0.304,-0.404,1
-80,10,-0.309,-0.409,1
-75,10,-0.321,-0.421,1
-70,10,-0.331,-0.431,1
-65,10,-0.461,-0.561,0
-60,10,-0.340,-0.440,1
-55,10,-0.343,-0.443,1
-50,10,-0.341,-0.441,1
-45,10,-0.359,-0.459,1
-40,10,-0.369,-0.469,1
-35,10,-0.735,-0.835,0
-30,10,-0.746,-0.846,0
-25,10,-0.373,-0.473,1
-20,10,-0.354,-0.454,1
-15,10,-0.349,-0.449,1
-10,10,-0.346,-0.446,1
-5,10,-0.349,-0.449,1
0,10,-0.349,-0.449,1
5,10,-0.632,-0.732,0
10,10,-0.620,-0.720,0
15,10,-0.633,-0.733,0
20,10,-0.661,-0.761,0
25,10,-0.590,-0.690,0
30,10,-0.457,-0.557,0
35,10,-0.249,-0.349,1
40,10,-0.241,-0.341,1
45,10,-0.241,-0.341,1
50,10,-0.248,-0.348,1
55,10,-0.478,-0.578,0
60,10,-0.393,-0.493,0
65,10,-0.372,-0.472,0
70,10,-0.420,-0.520,0
75,10,-0.444,-0.544,0
80,10,-0.396,-0.496,0
85,10,-0.168,-0.268,1
90,10,-0.130,-0.230,1
95,10,-0.112,-0.212,1
100,10,-0.071,-0.171,1
105,10,-0.120,-0.220,0
110,10,-0.094,-0.194,0
115,10,0.013,-0.087,0
120,10,0.332,0.232,0
125,10,0.562,0.462,0
130,10,0.437,0.337,0
135,10,0.244,0.144,0
140,10,0.099,-0.001,0
145,10,0.024,-0.076,0
150,10,-0.059,-0.159,0
-150,15,-0.662,-0.762,1
-145,15,-0.668,-0.768,1
-140,15,-0.675,-0.775,1
-135,15,-0.672,-0.772,1
-130,15,-0.686,-0.786,1
-125,15,-0.694,-0.794,1
-120,15,-1.023,-1.123,0
-115,15,-0.980,-1.080,0
-110,15,-0.922,-1.022,0
-105,15,-0.833,-0.933,0
-100,15,-0.668,-0.768,1
-95,15,-0.659,-0.759,1
-90,15,-0.649,-0.749,1
-85,15,-0.633,-0.733,1
-80,15,-0.637,-0.737,1
-75,15,-0.649,-0.749,1
-70,15,-0.659,-0.759,1
-65,15,-0.666,-0.766,1
-60,15,-0.669,-0.769,1
-55,15,-0.671,-0.771,1
-50,15,-0.670,-0.770,1
-45,15,-0.687,-0.787,1
-40,15,-0.967,-1.067,0
-35,15,-1.044,-1.144,0
-30,15,-0.708,-0.808,1
-25,15,-0.701,-0.801,1
-20,15,-0.682,-0.782,1
-15,15,-0.678,-0.778,1
-10,15,-0.732,-0.832,0
-5,15,-0.840,-0.940,0
0,15,-0.932,-1.032,0
5,15,-0.898,-0.998,0
10,15,-0.892,-0.992,0
15,15,-0.891,-0.991,0
20,15,-0.899,-0.999,0
25,15,-0.858,-0.958,0
30,15,-0.787,-0.887,0
35,15,-0.649,-0.749,0
40,15,-0.506,-0.606,0
45,15,-0.575,-0.675,0
50,15,-0.676,-0.776,0
55,15,-0.606,-0.706,0
60,15,-0.535,-0.635,0
65,15,-0.495,-0.595,0
70,15,-0.485,-0.585,0
75,15,-0.558,-0.658,0
80,15,-0.615,-0.715,0
85,15,-0.630,-0.730,0
90,15,-0.630,-0.730,0
95,15,-0.589,-0.689,0
100,15,-0.528,-0.628,0
105,15,-0.463,-0.563,0
110,15,-0.403,-0.503,0
115,15,-0.325,-0.425,0
120,15,-0.172,-0.272,0
125,15,-0.042,-0.142,0
130,15,-0.026,-0.126,0
135,15,-0.105,-0.205,0
140,15,-0.262,-0.362,0
145,15,-0.367,-0.467,0
150,15,-0.370,-0.470,0
-150,20,-1.031,-1.131,1
-145,20,-1.038,-1.138,1
-140,20,-1.044,-1.144,1
-135,20,-1.041,-1.141,1
-130,20,-1.414,-1.514,0
-125,20,-1.438,-1.538,0
-120,20,-1.407,-1.507,0
-115,20,-1.365,-1.465,0
-110,20,-1.329,-1.429,0
-105,20,-1.282,-1.382,0
-100,20,-1.037,-1.137,1
-95,20,-1.028,-1.128,1
-90,20,-1.019,-1.119,1
-85,20,-1.002,-1.102,1
-80,20,-1.007,-1.107,1
-75,20,-1.019,-1.119,1
-70,20,-1.029,-1.129,1
-65,20,-1.036,-1.136,1
-60,20,-1.038,-1.138,1
-55,20,-1.041,-1.141,1
-50,20,-1.039,-1.139,1
-45,20,-1.057,-1.157,1
-40,20,-1.335,-1.435,0
-35,20,-1.416,-1.516,0
-30,20,-1.078,-1.178,1
-25,20,-1.071,-1.171,1
-20,20,-1.052,-1.152,1
-15,20,-1.047,-1.147,1
-10,20,-1.127,-1.227,0
-5,20,-1.267,-1.367,0
0,20,-1.344,-1.444,0
5,20,-1.258,-1.358,0
10,20,-1.204,-1.304,0
15,20,-1.201,-1.301,0
20,20,-1.189,-1.289,0
25,20,-1.175,-1.275,0
30,20,-1.130,-1.230,0
35,20,-0.981,-1.081,0
40,20,-0.850,-0.950,0
45,20,-0.961,-1.061,0
50,20,-1.065,-1.165,0
55,20,-0.988,-1.088,0
60,20,-0.896,-0.996,0
65,20,-0.919,-1.019,1
70,20,-0.898,-0.998,1
75,20,-0.891,-0.991,1
80,20,-0.880,-0.980,0
85,20,-0.928,-1.028,0
90,20,-0.955,-1.055,0
95,20,-0.912,-1.012,0
100,20,-0.857,-0.957,0
105,20,-0.814,-0.914,0
110,20,-0.765,-0.865,0
115,20,-0.733,-0.833,0
120,20,-0.696,-0.796,0
125,20,-0.578,-0.678,0
130,20,-0.431,-0.531,0
135,20,-0.422,-0.522,0
140,20,-0.494,-0.594,0
145,20,-0.536,-0.636,0
150,20,-0.546,-0.646,0
-150,25,-1.640,-1.740,0
-145,25,-1.603,-1.703,1
-140,25,-1.610,-1.710,1
-135,25,-1.606,-1.706,1
-130,25,-1.852,-1.952,0
-125,25,-1.886,-1.986,0
-120,25,-1.844,-1.944,0
-115,25,-1.794,-1.894,0
-110,25,-1.753,-1.853,0
-105,25,-1.723,-1.823,0
-100,25,-1.795,-1.895,0
-95,25,-1.594,-1.694,1
-90,25,-1.584,-1.684,1
-85,25,-1.568,-1.668,1
-80,25,-1.572,-1.672,1
-75,25,-1.584,-1.684,1
-70,25,-1.594,-1.694,1
-65,25,-1.601,-1.701,1
-60,25,-2.019,-2.119,0
-55,25,-2.076,-2.176,0
-50,25,-1.969,-2.069,0
-45,25,-1.622,-1.722,1
-40,25,-1.733,-1.833,0
-35,25,-1.828,-1.928,0
-30,25,-1.643,-1.743,1
-25,25,-1.636,-1.736,1
-20,25,-1.617,-1.717,1
-15,25,-1.612,-1.712,1
-10,25,-1.592,-1.692,0
-5,25,-1.709,-1.809,0
0,25,-1.731,-1.831,0
5,25,-1.598,-1.698,0
10,25,-1.538,-1.638,0
15,25,-1.562,-1.662,0
20,25,-1.591,-1.691,0
25,25,-1.630,-1.730,0
30,25,-1.590,-1.690,0
35,25,-1.416,-1.516,0
40,25,-1.305,-1.405,0
45,25,-1.382,-1.482,0
50,25,-1.441,-1.541,0
55,25,-1.389,-1.489,0
60,25,-1.498,-1.598,1
65,25,-1.485,-1.585,1
70,25,-1.464,-1.564,1
75,25,-1.456,-1.556,1
80,25,-1.305,-1.405,0
85,25,-1.312,-1.412,0
90,25,-1.319,-1.419,0
95,25,-1.262,-1.362,0
100,25,-1.199,-1.299,0
105,25,-1.178,-1.278,0
110,25,-1.156,-1.256,0
115,25,-1.166,-1.266,0
120,25,-1.164,-1.264,0
125,25,-1.053,-1.153,0
130,25,-0.925,-1.025,0
135,25,-0.902,-1.002,0
140,25,-0.888,-0.988,0
145,25,-0.832,-0.932,0
150,25,-0.772,-0.872,0
-150,30,-2.088,-2.188,0
-145,30,-2.063,-2.163,0
-140,30,-2.135,-2.235,0
-135,30,-2.210,-2.310,0
-130,30,-2.253,-2.353,0
-125,30,-2.303,-2.403,0
-120,30,-2.284,-2.384,0
-115,30,-2.236,-2.336,0
-110,30,-2.173,-2.273,0
-105,30,-2.126,-2.226,0
-100,30,-2.194,-2.294,0
-95,30,-2.269,-2.369,0
-90,30,-2.244,-2.344,0
-85,30,-2.221,-2.321,0
-80,30,-2.170,-2.270,0
-75,30,-2.140,-2.240,0
-70,30,-2.127,-2.227,1
-65,30,-2.134,-2.234,1
-60,30,-2.394,-2.494,0
-55,30,-2.442,-2.542,0
-50,30,-2.317,-2.417,0
-45,30,-2.144,-2.244,0
-40,30,-2.157,-2.257,0
-35,30,-2.232,-2.332,0
-30,30,-2.253,-2.353,0
-25,30,-2.271,-2.371,0
-20,30,-2.151,-2.251,1
-15,30,-2.146,-2.246,1
-10,30,-2.083,-2.183,0
-5,30,-2.139,-2.239,0
0,30,-2.098,-2.198,0
5,30,-1.984,-2.084,0
10,30,-1.931,-2.031,0
15,30,-1.935,-2.035,0
20,30,-1.994,-2.094,0
25,30,-2.091,-2.191,0
30,30,-2.056,-2.156,0
35,30,-1.883,-1.983,0
40,30,-1.808,-1.908,0
45,30,-1.853,-1.953,0
50,30,-1.883,-1.983,0
55,30,-1.866,-1.966,0
60,30,-2.032,-2.132,1
65,30,-2.018,-2.118,1
70,30,-1.997,-2.097,1
75,30,-1.990,-2.090,1
80,30,-1.721,-1.821,0
85,30,-1.716,-1.816,0
90,30,-1.705,-1.805,0
95,30,-1.662,-1.762,0
100,30,-1.621,-1.721,0
105,30,-1.607,-1.707,0
110,30,-1.592,-1.692,0
115,30,-1.599,-1.699,0
120,30,-1.603,-1.703,0
125,30,-1.526,-1.626,0
130,30,-1.447,-1.547,0
135,30,-1.446,-1.546,0
140,30,-1.438,-1.538,0
145,30,-1.365,-1.465,0
150,30,-1.296,-1.396,0
-150,35,-2.506,-2.606,0
-145,35,-2.495,-2.595,0
-140,35,-2.535,-2.635,0
-135,35,-2.563,-2.663,0
-130,35,-2.564,-2.664,0
-125,35,-2.570,-2.670,0
-120,35,-2.557,-2.657,0
-115,35,-2.540,-2.640,0
-110,35,-2.508,-2.608,0
-105,35,-2.497,-2.597,0
-100,35,-2.567,-2.667,0
-95,35,-2.620,-2.720,0
-90,35,-2.591,-2.691,0
-85,35,-2.548,-2.648,0
-80,35,-2.445,-2.545,0
-75,35,-2.391,-2.491,0
-70,35,-2.525,-2.625,0
-65,35,-2.646,-2.746,0
-60,35,-2.688,-2.788,0
-55,35,-2.741,-2.841,0
-50,35,-2.662,-2.762,0
-45,35,-2.552,-2.652,0
-40,35,-2.575,-2.675,0
-35,35,-2.613,-2.713,0
-30,35,-2.569,-2.669,0
-25,35,-2.541,-2.641,0
-20,35,-2.501,-2.601,0
-15,35,-2.450,-2.550,0
-10,35,-2.468,-2.568,0
-5,35,-2.506,-2.606,0
0,35,-2.461,-2.561,0
5,35,-2.383,-2.483,0
10,35,-2.329,-2.429,0
15,35,-2.298,-2.398,0
20,35,-2.358,-2.458,0
25,35,-2.446,-2.546,0
30,35,-2.378,-2.478,0
35,35,-2.245,-2.345,0
40,35,-2.226,-2.326,0
45,35,-2.271,-2.371,0
50,35,-2.326,-2.426,0
55,35,-2.365,-2.465,0
60,35,-2.398,-2.498,1
65,35,-2.384,-2.484,1
70,35,-2.363,-2.463,1
75,35,-2.356,-2.456,1
80,35,-2.147,-2.247,0
85,35,-2.124,-2.224,0
90,35,-2.090,-2.190,0
95,35,-2.048,-2.148,0
100,35,-2.038,-2.138,0
105,35,-2.045,-2.145,0
110,35,-2.031,-2.131,0
115,35,-2.013,-2.113,0
120,35,-1.982,-2.082,0
125,35,-1.910,-2.010,0
130,35,-1.859,-1.959,0
135,35,-1.869,-1.969,0
140,35,-1.876,-1.976,0
145,35,-1.842,-1.942,0
150,35,-1.805,-1.905,0
-150,40,-2.791,-2.891,0
-145,40,-2.793,-2.893,0
-140,40,-2.828,-2.928,0
-135,40,-2.843,-2.943,0
-130,40,-2.838,-2.938,0
-125,40,-2.830,-2.930,0
-120,40,-2.817,-2.917,0
-115,40,-2.799,-2.899,0
-110,40,-2.776,-2.876,0
-105,40,-2.771,-2.871,0
-100,40,-2.802,-2.902,0
-95,40,-2.827,-2.927,0
-90,40,-2.826,-2.926,0
-85,40,-2.794,-2.894,0
-80,40,-2.695,-2.795,0
-75,40,-2.660,-2.760,0
-70,40,-2.800,-2.900,0
-65,40,-2.896,-2.996,0
-60,40,-2.899,-2.999,0
-55,40,-2.904,-3.004,0
-50,40,-2.863,-2.963,0
-45,40,-2.825,-2.925,0
-40,40,-2.860,-2.960,0
-35,40,-2.888,-2.988,0
-30,40,-2.844,-2.944,0
-25,40,-2.797,-2.897,0
-20,40,-2.783,-2.883,0
-15,40,-2.759,-2.859,0
-10,40,-2.764,-2.864,0
-5,40,-2.776,-2.876,0
0,40,-2.727,-2.827,0
5,40,-2.673,-2.773,0
10,40,-2.644,-2.744,0
15,40,-2.615,-2.715,0
20,40,-2.695,-2.795,0
25,40,-2.789,-2.889,0
30,40,-2.692,-2.792,0
35,40,-2.568,-2.668,0
40,40,-2.567,-2.667,0
45,40,-2.591,-2.691,0
50,40,-2.635,-2.735,0
55,40,-2.685,-2.785,0
60,40,-2.641,-2.741,0
65,40,-2.578,-2.678,0
70,40,-2.578,-2.678,0
75,40,-2.593,-2.693,0
80,40,-2.568,-2.668,0
85,40,-2.529,-2.629,0
90,40,-2.458,-2.558,0
95,40,-2.381,-2.481,0
100,40,-2.365,-2.465,0
105,40,-2.380,-2.480,0
110,40,-2.367,-2.467,0
115,40,-2.346,-2.446,0
120,40,-2.324,-2.424,0
125,40,-2.286,-2.386,0
130,40,-2.248,-2.348,0
135,40,-2.230,-2.330,0
140,40,-2.220,-2.320,0
145,40,-2.202,-2.302,0
150,40,-2.179,-2.279,0
-150,45,-3.070,-3.170,0
-145,45,-3.066,-3.166,0
-140,45,-3.068,-3.168,0
-135,45,-3.067,-3.167,0
-130,45,-3.062,-3.162,0
-125,45,-3.035,-3.135,0
-120,45,-3.010,-3.110,0
-115,45,-3.007,-3.107,0
-110,45,-3.009,-3.109,0
-105,45,-3.011,-3.111,0
-100,45,-3.018,-3.118,0
-95,45,-3.018,-3.118,0
-90,45,-3.016,-3.116,0
-85,45,-2.994,-3.094,0
-80,45,-2.943,-3.043,0
-75,45,-2.947,-3.047,0
-70,45,-3.029,-3.129,0
-65,45,-3.075,-3.175,0
-60,45,-3.069,-3.169,0
-55,45,-3.070,-3.170,0
-50,45,-3.073,-3.173,0
-45,45,-3.073,-3.173,0
-40,45,-3.087,-3.187,0
-35,45,-3.092,-3.192,0
-30,45,-3.065,-3.165,0
-25,45,-3.039,-3.139,0
-20,45,-3.028,-3.128,0
-15,45,-3.021,-3.121,0
-10,45,-3.024,-3.124,0
-5,45,-3.023,-3.123,0
0,45,-2.995,-3.095,0
5,45,-2.958,-3.058,0
10,45,-2.926,-3.026,0
15,45,-2.909,-3.009,0
20,45,-2.966,-3.066,0
25,45,-3.015,-3.115,0
30,45,-2.926,-3.026,0
35,45,-2.842,-2.942,0
40,45,-2.866,-2.966,0
45,45,-2.890,-2.990,0
50,45,-2.938,-3.038,0
55,45,-2.982,-3.082,0
60,45,-2.893,-2.993,0
65,45,-2.812,-2.912,0
70,45,-2.836,-2.936,0
75,45,-2.860,-2.960,0
80,45,-2.852,-2.952,0
85,45,-2.840,-2.940,0
90,45,-2.765,-2.865,0
95,45,-2.683,-2.783,0
100,45,-2.687,-2.787,0
105,45,-2.701,-2.801,0
110,45,-2.648,-2.748,0
115,45,-2.593,-2.693,0
120,45,-2.569,-2.669,0
125,45,-2.547,-2.647,0
130,45,-2.535,-2.635,0
135,45,-2.528,-2.628,0
140,45,-2.530,-2.630,0
145,45,-2.540,-2.640,0
150,45,-2.548,-2.648,0
-150,50,-3.247,-3.347,0
-145,50,-3.235,-3.335,0
-140,50,-3.232,-3.332,0
-135,50,-3.254,-3.354,0
-130,50,-3.269,-3.369,0
-125,50,-3.231,-3.331,0
-120,50,-3.186,-3.286,0
-115,50,-3.193,-3.293,0
-110,50,-3.202,-3.302,0
-105,50,-3.202,-3.302,0
-100,50,-3.204,-3.304,0
-95,50,-3.191,-3.291,0
-90,50,-3.180,-3.280,0
-85,50,-3.182,-3.282,0
-80,50,-3.183,-3.283,0
-75,50,-3.203,-3.303,0
-70,50,-3.227,-3.327,0
-65,50,-3.223,-3.323,0
-60,50,-3.206,-3.306,0
-55,50,-3.207,-3.307,0
-50,50,-3.215,-3.315,0
-45,50,-3.238,-3.338,0
-40,50,-3.269,-3.369,0
-35,50,-3.281,-3.381,0
-30,50,-3.279,-3.379,0
-25,50,-3.277,-3.377,0
-20,50,-3.267,-3.367,0
-15,50,-3.256,-3.356,0
-10,50,-3.250,-3.350,0
-5,50,-3.249,-3.349,0
0,50,-3.244,-3.344,0
5,50,-3.216,-3.316,0
10,50,-3.174,-3.274,0
15,50,-3.169,-3.269,0
20,50,-3.217,-3.317,0
25,50,-3.230,-3.330,0
30,50,-3.154,-3.254,0
35,50,-3.103,-3.203,0
40,50,-3.126,-3.226,0
45,50,-3.155,-3.255,0
50,50,-3.203,-3.303,0
55,50,-3.223,-3.323,0
60,50,-3.134,-3.234,0
65,50,-3.065,-3.165,0
70,50,-3.099,-3.199,0
75,50,-3.126,-3.226,0
80,50,-3.118,-3.218,0
85,50,-3.102,-3.202,0
90,50,-3.016,-3.116,0
95,50,-2.935,-3.035,0
100,50,-2.946,-3.046,0
105,50,-2.961,-3.061,0
110,50,-2.902,-3.002,0
115,50,-2.837,-2.937,0
120,50,-2.821,-2.921,0
125,50,-2.814,-2.914,0
130,50,-2.806,-2.906,0
135,50,-2.798,-2.898,0
140,50,-2.794,-2.894,0
145,50,-2.794,-2.894,0
150,50,-2.790,-2.890,0
-150,55,-3.415,-3.515,0
-145,55,-3.381,-3.481,0
-140,55,-3.368,-3.468,0
-135,55,-3.407,-3.507,0
-130,55,-3.428,-3.528,0
-125,55,-3.394,-3.494,0
-120,55,-3.362,-3.462,0
-115,55,-3.373,-3.473,0
-110,55,-3.386,-3.486,0
-105,55,-3.390,-3.490,0
-100,55,-3.387,-3.487,0
-95,55,-3.354,-3.454,0
-90,55,-3.327,-3.427,0
-85,55,-3.338,-3.438,0
-80,55,-3.346,-3.446,0
-75,55,-3.381,-3.481,0
-70,55,-3.414,-3.514,0
-65,55,-3.383,-3.483,0
-60,55,-3.350,-3.450,0
-55,55,-3.352,-3.452,0
-50,55,-3.359,-3.459,0
-45,55,-3.396,-3.496,0
-40,55,-3.436,-3.536,0
-35,55,-3.448,-3.548,0
-30,55,-3.451,-3.551,0
-25,55,-3.449,-3.549,0
-20,55,-3.447,-3.547,0
-15,55,-3.449,-3.549,0
-10,55,-3.451,-3.551,0
-5,55,-3.470,-3.570,0
0,55,-3.500,-3.600,0
5,55,-3.462,-3.562,0
10,55,-3.397,-3.497,0
15,55,-3.393,-3.493,0
20,55,-3.432,-3.532,0
25,55,-3.431,-3.531,0
30,55,-3.383,-3.483,0
35,55,-3.362,-3.462,0
40,55,-3.380,-3.480,0
45,55,-3.413,-3.513,0
50,55,-3.467,-3.567,0
55,55,-3.460,-3.560,0
60,55,-3.370,-3.470,0
65,55,-3.328,-3.428,0
70,55,-3.364,-3.464,0
75,55,-3.384,-3.484,0
80,55,-3.373,-3.473,0
85,55,-3.341,-3.441,0
90,55,-3.255,-3.355,0
95,55,-3.192,-3.292,0
100,55,-3.201,-3.301,0
105,55,-3.197,-3.297,0
110,55,-3.149,-3.249,0
115,55,-3.099,-3.199,0
120,55,-3.070,-3.170,0
125,55,-3.050,-3.150,0
130,55,-3.054,-3.154,0
135,55,-3.053,-3.153,0
140,55,-3.042,-3.142,0
145,55,-3.037,-3.137,0
150,55,-3.029,-3.129,0
-150,60,-3.544,-3.644,0
-145,60,-3.526,-3.626,0
-140,60,-3.528,-3.628,0
-135,60,-3.568,-3.668,0
-130,60,-3.585,-3.685,0
-125,60,-3.560,-3.660,0
-120,60,-3.542,-3.642,0
-115,60,-3.548,-3.648,0
-110,60,-3.560,-3.660,0
-105,60,-3.578,-3.678,0
-100,60,-3.581,-3.681,0
-95,60,-3.549,-3.649,0
-90,60,-3.520,-3.620,0
-85,60,-3.519,-3.619,0
-80,60,-3.525,-3.625,0
-75,60,-3.563,-3.663,0
-70,60,-3.595,-3.695,0
-65,60,-3.548,-3.648,0
-60,60,-3.509,-3.609,0
-55,60,-3.520,-3.620,0
-50,60,-3.530,-3.630,0
-45,60,-3.574,-3.674,0
-40,60,-3.616,-3.716,0
-35,60,-3.616,-3.716,0
-30,60,-3.620,-3.720,0
-25,60,-3.620,-3.720,0
-20,60,-3.616,-3.716,0
-15,60,-3.620,-3.720,0
-10,60,-3.625,-3.725,0
-5,60,-3.643,-3.743,0
0,60,-3.667,-3.767,0
5,60,-3.643,-3.743,0
10,60,-3.600,-3.700,0
15,60,-3.606,-3.706,0
20,60,-3.637,-3.737,0
25,60,-3.643,-3.743,0
30,60,-3.623,-3.723,0
35,60,-3.617,-3.717,0
40,60,-3.624,-3.724,0
45,60,-3.642,-3.742,0
50,60,-3.672,-3.772,0
55,60,-3.654,-3.754,0
60,60,-3.591,-3.691,0
65,60,-3.582,-3.682,0
70,60,-3.622,-3.722,0
75,60,-3.639,-3.739,0
80,60,-3.623,-3.723,0
85,60,-3.570,-3.670,0
90,60,-3.477,-3.577,0
95,60,-3.416,-3.516,0
100,60,-3.399,-3.499,0
105,60,-3.388,-3.488,0
110,60,-3.366,-3.466,0
115,60,-3.338,-3.438,0
120,60,-3.306,-3.406,0
125,60,-3.288,-3.388,0
130,60,-3.299,-3.399,0
135,60,-3.296,-3.396,0
140,60,-3.268,-3.368,0
145,60,-3.251,-3.351,0
150,60,-3.251,-3.351,0
-150,65,-3.680,-3.780,0
-145,65,-3.678,-3.778,0
-140,65,-3.696,-3.796,0
-135,65,-3.731,-3.831,0
-130,65,-3.735,-3.835,0
-125,65,-3.712,-3.812,0
-120,65,-3.706,-3.806,0
-115,65,-3.715,-3.815,0
-110,65,-3.732,-3.832,0
-105,65,-3.763,-3.863,0
-100,65,-3.778,-3.878,0
-95,65,-3.756,-3.856,0
-90,65,-3.737,-3.837,0
-85,65,-3.728,-3.828,0
-80,65,-3.734,-3.834,0
-75,65,-3.766,-3.866,0
-70,65,-3.772,-3.872,0
-65,65,-3.719,-3.819,0
-60,65,-3.684,-3.784,0
-55,65,-3.694,-3.794,0
-50,65,-3.709,-3.809,0
-45,65,-3.757,-3.857,0
-40,65,-3.793,-3.893,0
-35,65,-3.780,-3.880,0
-30,65,-3.774,-3.874,0
-25,65,-3.778,-3.878,0
-20,65,-3.781,-3.881,0
-15,65,-3.793,-3.893,0
-10,65,-3.802,-3.902,0
-5,65,-3.814,-3.914,0
0,65,-3.829,-3.929,0
5,65,-3.822,-3.922,0
10,65,-3.803,-3.903,0
15,65,-3.804,-3.904,0
20,65,-3.814,-3.914,0
25,65,-3.829,-3.929,0
30,65,-3.837,-3.937,0
35,65,-3.843,-3.943,0
40,65,-3.850,-3.950,0
45,65,-3.857,-3.957,0
50,65,-3.868,-3.968,0
55,65,-3.848,-3.948,0
60,65,-3.811,-3.911,0
65,65,-3.818,-3.918,0
70,65,-3.844,-3.944,0
75,65,-3.849,-3.949,0
80,65,-3.843,-3.943,0
85,65,-3.771,-3.871,0
90,65,-3.676,-3.776,0
95,65,-3.623,-3.723,0
100,65,-3.587,-3.687,0
105,65,-3.573,-3.673,0
110,65,-3.568,-3.668,0
115,65,-3.549,-3.649,0
120,65,-3.522,-3.622,0
125,65,-3.518,-3.618,0
130,65,-3.537,-3.637,0
135,65,-3.522,-3.622,0
140,65,-3.480,-3.580,0
145,65,-3.466,-3.566,0
150,65,-3.475,-3.575,0
-150,70,-3.835,-3.935,0
-145,70,-3.835,-3.935,0
-140,70,-3.858,-3.958,0
-135,70,-3.889,-3.989,0
-130,70,-3.885,-3.985,0
-125,70,-3.865,-3.965,0
-120,70,-3.868,-3.968,0
-115,70,-3.879,-3.979,0
-110,70,-3.893,-3.993,0
-105,70,-3.911,-4.011,0
-100,70,-3.916,-4.016,0
-95,70,-3.911,-4.011,0
-90,70,-3.913,-4.013,0
-85,70,-3.918,-4.018,0
-80,70,-3.935,-4.035,0
-75,70,-3.965,-4.065,0
-70,70,-3.948,-4.048,0
-65,70,-3.893,-3.993,0
-60,70,-3.876,-3.976,0
-55,70,-3.898,-3.998,0
-50,70,-3.926,-4.026,0
-45,70,-3.968,-4.068,0
-40,70,-3.979,-4.079,0
-35,70,-3.948,-4.048,0
-30,70,-3.934,-4.034,0
-25,70,-3.939,-4.039,0
-20,70,-3.950,-4.050,0
-15,70,-3.968,-4.068,0
-10,70,-3.980,-4.080,0
-5,70,-3.986,-4.086,0
0,70,-3.995,-4.095,0
5,70,-4.001,-4.101,0
10,70,-4.002,-4.102,0
15,70,-3.997,-4.097,0
20,70,-3.994,-4.094,0
25,70,-4.023,-4.123,0
30,70,-4.047,-4.147,0
35,70,-4.051,-4.151,0
40,70,-4.055,-4.155,0
45,70,-4.050,-4.150,0
50,70,-4.050,-4.150,0
55,70,-4.044,-4.144,0
60,70,-4.030,-4.130,0
65,70,-4.043,-4.143,0
70,70,-4.059,-4.159,0
75,70,-4.059,-4.159,0
80,70,-4.056,-4.156,0
85,70,-3.949,-4.049,0
90,70,-3.838,-3.938,0
95,70,-3.805,-3.905,0
100,70,-3.780,-3.880,0
105,70,-3.774,-3.874,0
110,70,-3.773,-3.873,0
115,70,-3.756,-3.856,0
120,70,-3.735,-3.835,0
125,70,-3.750,-3.850,0
130,70,-3.773,-3.873,0
135,70,-3.733,-3.833,0
140,70,-3.673,-3.773,0
145,70,-3.672,-3.772,0
150,70,-3.695,-3.795,0
-150,75,-3.991,-4.091,0
-145,75,-3.994,-4.094,0
-140,75,-4.015,-4.115,0
-135,75,-4.039,-4.139,0
-130,75,-4.036,-4.136,0
-125,75,-4.027,-4.127,0
-120,75,-4.032,-4.132,0
-115,75,-4.040,-4.140,0
-110,75,-4.056,-4.156,0
-105,75,-4.064,-4.164,0
-100,75,-4.055,-4.155,0
-95,75,-4.052,-4.152,0
-90,75,-4.068,-4.168,0
-85,75,-4.084,-4.184,0
-80,75,-4.103,-4.203,0
-75,75,-4.128,-4.228,0
-70,75,-4.104,-4.204,0
-65,75,-4.058,-4.158,0
-60,75,-4.069,-4.169,0
-55,75,-4.103,-4.203,0
-50,75,-4.144,-4.244,0
-45,75,-4.186,-4.286,0
-40,75,-4.171,-4.271,0
-35,75,-4.124,-4.224,0
-30,75,-4.116,-4.216,0
-25,75,-4.131,-4.231,0
-20,75,-4.144,-4.244,0
-15,75,-4.159,-4.259,0
-10,75,-4.162,-4.262,0
-5,75,-4.157,-4.257,0
0,75,-4.166,-4.266,0
5,75,-4.183,-4.283,0
10,75,-4.194,-4.294,0
15,75,-4.199,-4.299,0
20,75,-4.204,-4.304,0
25,75,-4.221,-4.321,0
30,75,-4.236,-4.336,0
35,75,-4.239,-4.339,0
40,75,-4.243,-4.343,0
45,75,-4.236,-4.336,0
50,75,-4.233,-4.333,0
55,75,-4.245,-4.345,0
60,75,-4.251,-4.351,0
65,75,-4.257,-4.357,0
70,75,-4.259,-4.359,0
75,75,-4.232,-4.332,0
80,75,-4.207,-4.307,0
85,75,-4.107,-4.207,0
90,75,-4.004,-4.104,0
95,75,-3.992,-4.092,0
100,75,-3.978,-4.078,0
105,75,-3.977,-4.077,0
110,75,-3.977,-4.077,0
115,75,-3.953,-4.053,0
120,75,-3.930,-4.030,0
125,75,-3.959,-4.059,0
130,75,-3.990,-4.090,0
135,75,-3.947,-4.047,0
140,75,-3.882,-3.982,0
145,75,-3.890,-3.990,0
150,75,-3.921,-4.021,0
-150,80,-4.172,-4.272,0
-145,80,-4.176,-4.276,0
-140,80,-4.182,-4.282,0
-135,80,-4.192,-4.292,0
-130,80,-4.197,-4.297,0
-125,80,-4.195,-4.295,0
-120,80,-4.193,-4.293,0
-115,80,-4.198,-4.298,0
-110,80,-4.236,-4.336,0
-105,80,-4.263,-4.363,0
-100,80,-4.239,-4.339,0
-95,80,-4.220,-4.320,0
-90,80,-4.236,-4.336,0
-85,80,-4.254,-4.354,0
-80,80,-4.272,-4.372,0
-75,80,-4.287,-4.387,0
-70,80,-4.258,-4.358,0
-65,80,-4.221,-4.321,0
-60,80,-4.256,-4.356,0
-55,80,-4.298,-4.398,0
-50,80,-4.337,-4.437,0
-45,80,-4.379,-4.479,0
-40,80,-4.345,-4.445,0
-35,80,-4.291,-4.391,0
-30,80,-4.301,-4.401,0
-25,80,-4.329,-4.429,0
-20,80,-4.346,-4.446,0
-15,80,-4.361,-4.461,0
-10,80,-4.351,-4.451,0
-5,80,-4.334,-4.434,0
0,80,-4.337,-4.437,0
5,80,-4.351,-4.451,0
10,80,-4.377,-4.477,0
15,80,-4.400,-4.500,0
20,80,-4.410,-4.510,0
25,80,-4.415,-4.515,0
30,80,-4.415,-4.515,0
35,80,-4.409,-4.509,0
40,80,-4.411,-4.511,0
45,80,-4.416,-4.516,0
50,80,-4.431,-4.531,0
55,80,-4.459,-4.559,0
60,80,-4.468,-4.568,0
65,80,-4.464,-4.564,0
70,80,-4.445,-4.545,0
75,80,-4.391,-4.491,0
80,80,-4.337,-4.437,0
85,80,-4.258,-4.358,0
90,80,-4.192,-4.292,0
95,80,-4.185,-4.285,0
100,80,-4.179,-4.279,0
105,80,-4.184,-4.284,0
110,80,-4.181,-4.281,0
115,80,-4.154,-4.254,0
120,80,-4.135,-4.235,0
125,80,-4.167,-4.267,0
130,80,-4.196,-4.296,0
135,80,-4.178,-4.278,0
140,80,-4.147,-4.247,0
145,80,-4.142,-4.242,0
150,80,-4.148,-4.248,0
-150,85,-4.358,-4.458,0
-145,85,-4.361,-4.461,0
-140,85,-4.355,-4.455,0
-135,85,-4.366,-4.466,0
-130,85,-4.391,-4.491,0
-125,85,-4.399,-4.499,0
-120,85,-4.387,-4.487,0
-115,85,-4.389,-4.489,0
-110,85,-4.427,-4.527,0
-105,85,-4.453,-4.553,0
-100,85,-4.421,-4.521,0
-95,85,-4.400,-4.500,0
-90,85,-4.412,-4.512,0
-85,85,-4.429,-4.529,0
-80,85,-4.461,-4.561,0
-75,85,-4.478,-4.578,0
-70,85,-4.439,-4.539,0
-65,85,-4.408,-4.508,0
-60,85,-4.450,-4.550,0
-55,85,-4.494,-4.594,0
-50,85,-4.527,-4.627,0
-45,85,-4.561,-4.661,0
-40,85,-4.507,-4.607,0
-35,85,-4.454,-4.554,0
-30,85,-4.478,-4.578,0
-25,85,-4.506,-4.606,0
-20,85,-4.542,-4.642,0
-15,85,-4.569,-4.669,0
-10,85,-4.541,-4.641,0
-5,85,-4.509,-4.609,0
0,85,-4.504,-4.604,0
5,85,-4.509,-4.609,0
10,85,-4.555,-4.655,0
15,85,-4.602,-4.702,0
20,85,-4.613,-4.713,0
25,85,-4.615,-4.715,0
30,85,-4.608,-4.708,0
35,85,-4.595,-4.695,0
40,85,-4.593,-4.693,0
45,85,-4.601,-4.701,0
50,85,-4.637,-4.737,0
55,85,-4.681,-4.781,0
60,85,-4.679,-4.779,0
65,85,-4.656,-4.756,0
70,85,-4.613,-4.713,0
75,85,-4.551,-4.651,0
80,85,-4.492,-4.592,0
85,85,-4.428,-4.528,0
90,85,-4.388,-4.488,0
95,85,-4.381,-4.481,0
100,85,-4.383,-4.483,0
105,85,-4.395,-4.495,0
110,85,-4.390,-4.490,0
115,85,-4.362,-4.462,0
120,85,-4.354,-4.454,0
125,85,-4.381,-4.481,0
130,85,-4.405,-4.505,0
135,85,-4.411,-4.511,0
140,85,-4.405,-4.505,0
145,85,-4.382,-4.482,0
150,85,-4.378,-4.478,0
-150,90,-4.549,-4.649,0
-145,90,-4.545,-4.645,0
-140,90,-4.527,-4.627,0
-135,90,-4.549,-4.649,0
-130,90,-4.593,-4.693,0
-125,90,-4.605,-4.705,0
-120,90,-4.594,-4.694,0
-115,90,-4.596,-4.696,0
-110,90,-4.618,-4.718,0
-105,90,-4.636,-4.736,0
-100,90,-4.634,-4.734,0
-95,90,-4.623,-4.723,0
-90,90,-4.616,-4.716,0
-85,90,-4.625,-4.725,0
-80,90,-4.658,-4.758,0
-75,90,-4.669,-4.769,0
-70,90,-4.630,-4.730,0
-65,90,-4.614,-4.714,0
-60,90,-4.652,-4.752,0
-55,90,-4.694,-4.794,0
-50,90,-4.738,-4.838,0
-45,90,-4.754,-4.854,0
-40,90,-4.690,-4.790,0
-35,90,-4.642,-4.742,0
-30,90,-4.658,-4.758,0
-25,90,-4.684,-4.784,0
-20,90,-4.742,-4.842,0
-15,90,-4.782,-4.882,0
-10,90,-4.741,-4.841,0
-5,90,-4.705,-4.805,0
0,90,-4.726,-4.826,0
5,90,-4.736,-4.836,0
10,90,-4.782,-4.882,0
15,90,-4.828,-4.928,0
20,90,-4.818,-4.918,0
25,90,-4.815,-4.915,0
30,90,-4.809,-4.909,0
35,90,-4.800,-4.900,0
40,90,-4.795,-4.895,0
45,90,-4.794,-4.894,0
50,90,-4.847,-4.947,0
55,90,-4.904,-5.004,0
60,90,-4.887,-4.987,0
65,90,-4.851,-4.951,0
70,90,-4.781,-4.881,0
75,90,-4.710,-4.810,0
80,90,-4.663,-4.763,0
85,90,-4.616,-4.716,0
90,90,-4.600,-4.700,0
95,90,-4.597,-4.697,0
100,90,-4.597,-4.697,0
105,90,-4.603,-4.703,0
110,90,-4.595,-4.695,0
115,90,-4.572,-4.672,0
120,90,-4.572,-4.672,0
125,90,-4.594,-4.694,0
130,90,-4.620,-4.720,0
135,90,-4.642,-4.742,0
140,90,-4.635,-4.735,0
145,90,-4.603,-4.703,0
150,90,-4.604,-4.704,0
-150,95,-4.745,-4.845,0
-145,95,-4.726,-4.826,0
-140,95,-4.700,-4.800,0
-135,95,-4.740,-4.840,0
-130,95,-4.793,-4.893,0
-125,95,-4.800,-4.900,0
-120,95,-4.793,-4.893,0
-115,95,-4.800,-4.900,0
-110,95,-4.810,-4.910,0
-105,95,-4.834,-4.934,0
-100,95,-4.864,-4.964,0
-95,95,-4.862,-4.962,0
-90,95,-4.848,-4.948,0
-85,95,-4.857,-4.957,0
-80,95,-4.883,-4.983,0
-75,95,-4.880,-4.980,0
-70,95,-4.846,-4.946,0
-65,95,-4.837,-4.937,0
-60,95,-4.860,-4.960,0
-55,95,-4.900,-5.000,0
-50,95,-4.957,-5.057,0
-45,95,-4.959,-5.059,0
-40,95,-4.893,-4.993,0
-35,95,-4.859,-4.959,0
-30,95,-4.875,-4.975,0
-25,95,-4.904,-5.004,0
-20,95,-4.957,-5.057,0
-15,95,-4.980,-5.080,0
-10,95,-4.933,-5.033,0
-5,95,-4.915,-5.015,0
0,95,-4.966,-5.066,0
5,95,-5.005,-5.105,0
10,95,-5.048,-5.148,0
15,95,-5.078,-5.178,0
20,95,-5.045,-5.145,0
25,95,-5.022,-5.122,0
30,95,-5.020,-5.120,0
35,95,-5.015,-5.115,0
40,95,-5.002,-5.102,0
45,95,-4.990,-5.090,0
50,95,-5.061,-5.161,0
55,95,-5.129,-5.229,0
60,95,-5.099,-5.199,0
65,95,-5.067,-5.167,0
70,95,-4.980,-5.080,0
75,95,-4.895,-4.995,0
80,95,-4.853,-4.953,0
85,95,-4.814,-4.914,0
90,95,-4.811,-4.911,0
95,95,-4.815,-4.915,0
100,95,-4.809,-4.909,0
105,95,-4.805,-4.905,0
110,95,-4.800,-4.900,0
115,95,-4.789,-4.889,0
120,95,-4.808,-4.908,0
125,95,-4.835,-4.935,0
130,95,-4.853,-4.953,0
135,95,-4.873,-4.973,0
140,95,-4.858,-4.958,0
145,95,-4.820,-4.920,0
150,95,-4.826,-4.926,0
-150,100,-4.974,-5.074,0
-145,100,-4.934,-5.034,0
-140,100,-4.894,-4.994,0
-135,100,-4.939,-5.039,0
-130,100,-4.995,-5.095,0
-125,100,-4.995,-5.095,0
-120,100,-4.990,-5.090,0
-115,100,-5.006,-5.106,0
-110,100,-5.021,-5.121,0
-105,100,-5.049,-5.149,0
-100,100,-5.079,-5.179,0
-95,100,-5.080,-5.180,0
-90,100,-5.071,-5.171,0
-85,100,-5.082,-5.182,0
-80,100,-5.104,-5.204,0
-75,100,-5.099,-5.199,0
-70,100,-5.079,-5.179,0
-65,100,-5.075,-5.175,0
-60,100,-5.085,-5.185,0
-55,100,-5.114,-5.214,0
-50,100,-5.158,-5.258,0
-45,100,-5.144,-5.244,0
-40,100,-5.088,-5.188,0
-35,100,-5.074,-5.174,0
-30,100,-5.093,-5.193,0
-25,100,-5.126,-5.226,0
-20,100,-5.175,-5.275,0
-15,100,-5.168,-5.268,0
-10,100,-5.109,-5.209,0
-5,100,-5.107,-5.207,0
0,100,-5.167,-5.267,0
5,100,-5.224,-5.324,0
10,100,-5.279,-5.379,0
15,100,-5.300,-5.400,0
20,100,-5.261,-5.361,0
25,100,-5.234,-5.334,0
30,100,-5.239,-5.339,0
35,100,-5.239,-5.339,0
40,100,-5.233,-5.333,0
45,100,-5.237,-5.337,0
50,100,-5.285,-5.385,0
55,100,-5.325,-5.425,0
60,100,-5.300,-5.400,0
65,100,-5.266,-5.366,0
70,100,-5.175,-5.275,0
75,100,-5.089,-5.189,0
80,100,-5.052,-5.152,0
85,100,-5.018,-5.118,0
90,100,-5.018,-5.118,0
95,100,-5.019,-5.119,0
100,100,-5.007,-5.107,0
105,100,-4.998,-5.098,0
110,100,-5.003,-5.103,0
115,100,-5.006,-5.106,0
120,100,-5.047,-5.147,0
125,100,-5.083,-5.183,0
130,100,-5.087,-5.187,0
135,100,-5.094,-5.194,0
140,100,-5.071,-5.171,0
145,100,-5.040,-5.140,0
150,100,-5.052,-5.152,0
-150,105,-5.195,-5.295,0
-145,105,-5.155,-5.255,0
-140,105,-5.126,-5.226,0
-135,105,-5.146,-5.246,0
-130,105,-5.173,-5.273,0
-125,105,-5.182,-5.282,0
-120,105,-5.186,-5.286,0
-115,105,-5.197,-5.297,0
-110,105,-5.219,-5.319,0
-105,105,-5.260,-5.360,0
-100,105,-5.289,-5.389,0
-95,105,-5.290,-5.390,0
-90,105,-5.288,-5.388,0
-85,105,-5.287,-5.387,0
-80,105,-5.294,-5.394,0
-75,105,-5.317,-5.417,0
-70,105,-5.327,-5.427,0
-65,105,-5.311,-5.411,0
-60,105,-5.303,-5.403,0
-55,105,-5.322,-5.422,0
-50,105,-5.349,-5.449,0
-45,105,-5.321,-5.421,0
-40,105,-5.277,-5.377,0
-35,105,-5.282,-5.382,0
-30,105,-5.301,-5.401,0
-25,105,-5.342,-5.442,0
-20,105,-5.390,-5.490,0
-15,105,-5.356,-5.456,0
-10,105,-5.287,-5.387,0
-5,105,-5.301,-5.401,0
0,105,-5.362,-5.462,0
5,105,-5.416,-5.516,0
10,105,-5.467,-5.567,0
15,105,-5.464,-5.564,0
20,105,-5.422,-5.522,0
25,105,-5.418,-5.518,0
30,105,-5.440,-5.540,0
35,105,-5.454,-5.554,0
40,105,-5.461,-5.561,0
45,105,-5.475,-5.575,0
50,105,-5.503,-5.603,0
55,105,-5.512,-5.612,0
60,105,-5.486,-5.586,0
65,105,-5.439,-5.539,0
70,105,-5.355,-5.455,0
75,105,-5.287,-5.387,0
80,105,-5.254,-5.354,0
85,105,-5.227,-5.327,0
90,105,-5.223,-5.323,0
95,105,-5.218,-5.318,0
100,105,-5.200,-5.300,0
105,105,-5.189,-5.289,0
110,105,-5.202,-5.302,0
115,105,-5.215,-5.315,0
120,105,-5.246,-5.346,0
125,105,-5.277,-5.377,0
130,105,-5.282,-5.382,0
135,105,-5.288,-5.388,0
140,105,-5.278,-5.378,0
145,105,-5.265,-5.365,0
150,105,-5.276,-5.376,0
-150,110,-5.374,-5.474,0
-145,110,-5.347,-5.447,0
-140,110,-5.335,-5.435,0
-135,110,-5.344,-5.444,0
-130,110,-5.353,-5.453,0
-125,110,-5.370,-5.470,0
-120,110,-5.373,-5.473,0
-115,110,-5.361,-5.461,0
-110,110,-5.377,-5.477,0
-105,110,-5.436,-5.536,0
-100,110,-5.479,-5.579,0
-95,110,-5.491,-5.591,0
-90,110,-5.498,-5.598,0
-85,110,-5.490,-5.590,0
-80,110,-5.489,-5.589,0
-75,110,-5.547,-5.647,0
-70,110,-5.582,-5.682,0
-65,110,-5.541,-5.641,0
-60,110,-5.512,-5.612,0
-55,110,-5.525,-5.625,0
-50,110,-5.540,-5.640,0
-45,110,-5.507,-5.607,0
-40,110,-5.472,-5.572,0
-35,110,-5.492,-5.592,0
-30,110,-5.509,-5.609,0
-25,110,-5.555,-5.655,0
-20,110,-5.603,-5.703,0
-15,110,-5.551,-5.651,0
-10,110,-5.487,-5.587,0
-5,110,-5.518,-5.618,0
0,110,-5.568,-5.668,0
5,110,-5.614,-5.714,0
10,110,-5.659,-5.759,0
15,110,-5.630,-5.730,0
20,110,-5.583,-5.683,0
25,110,-5.600,-5.700,0
30,110,-5.634,-5.734,0
35,110,-5.655,-5.755,0
40,110,-5.669,-5.769,0
45,110,-5.682,-5.782,0
50,110,-5.702,-5.802,0
55,110,-5.698,-5.798,0
60,110,-5.674,-5.774,0
65,110,-5.618,-5.718,0
70,110,-5.538,-5.638,0
75,110,-5.487,-5.587,0
80,110,-5.459,-5.559,0
85,110,-5.434,-5.534,0
90,110,-5.418,-5.518,0
95,110,-5.398,-5.498,0
100,110,-5.372,-5.472,0
105,110,-5.366,-5.466,0
110,110,-5.387,-5.487,0
115,110,-5.411,-5.511,0
120,110,-5.440,-5.540,0
125,110,-5.454,-5.554,0
130,110,-5.452,-5.552,0
135,110,-5.453,-5.553,0
140,110,-5.451,-5.551,0
145,110,-5.450,-5.550,0
150,110,-5.460,-5.560,0
-150,115,-5.545,-5.645,0
-145,115,-5.523,-5.623,0
-140,115,-5.525,-5.625,0
-135,115,-5.541,-5.641,0
-130,115,-5.554,-5.654,0
-125,115,-5.567,-5.667,0
-120,115,-5.561,-5.661,0
-115,115,-5.535,-5.635,0
-110,115,-5.553,-5.653,0
-105,115,-5.620,-5.720,0
-100,115,-5.669,-5.769,0
-95,115,-5.688,-5.788,0
-90,115,-5.702,-5.802,0
-85,115,-5.708,-5.808,0
-80,115,-5.724,-5.824,0
-75,115,-5.768,-5.868,0
-70,115,-5.793,-5.893,0
-65,115,-5.759,-5.859,0
-60,115,-5.727,-5.827,0
-55,115,-5.725,-5.825,0
-50,115,-5.724,-5.824,0
-45,115,-5.699,-5.799,0
-40,115,-5.682,-5.782,0
-35,115,-5.708,-5.808,0
-30,115,-5.734,-5.834,0
-25,115,-5.772,-5.872,0
-20,115,-5.802,-5.902,0
-15,115,-5.745,-5.845,0
-10,115,-5.693,-5.793,0
-5,115,-5.731,-5.831,0
0,115,-5.772,-5.872,0
5,115,-5.817,-5.917,0
10,115,-5.862,-5.962,0
15,115,-5.807,-5.907,0
20,115,-5.753,-5.853,0
25,115,-5.785,-5.885,0
30,115,-5.823,-5.923,0
35,115,-5.849,-5.949,0
40,115,-5.874,-5.974,0
45,115,-5.885,-5.985,0
50,115,-5.892,-5.992,0
55,115,-5.885,-5.985,0
60,115,-5.871,-5.971,0
65,115,-5.810,-5.910,0
70,115,-5.734,-5.834,0
75,115,-5.679,-5.779,0
80,115,-5.640,-5.740,0
85,115,-5.620,-5.720,0
90,115,-5.604,-5.704,0
95,115,-5.573,-5.673,0
100,115,-5.535,-5.635,0
105,115,-5.531,-5.631,0
110,115,-5.547,-5.647,0
115,115,-5.570,-5.670,0
120,115,-5.599,-5.699,0
125,115,-5.616,-5.716,0
130,115,-5.620,-5.720,0
135,115,-5.623,-5.723,0
140,115,-5.627,-5.727,0
145,115,-5.631,-5.731,0
150,115,-5.632,-5.732,0
-150,120,-5.744,-5.844,0
-145,120,-5.736,-5.836,0
-140,120,-5.743,-5.843,0
-135,120,-5.752,-5.852,0
-130,120,-5.753,-5.853,0
-125,120,-5.765,-5.865,0
-120,120,-5.755,-5.855,0
-115,120,-5.736,-5.836,0
-110,120,-5.774,-5.874,0
-105,120,-5.838,-5.938,0
-100,120,-5.887,-5.987,0
-95,120,-5.918,-6.018,0
-90,120,-5.926,-6.026,0
-85,120,-5.932,-6.032,0
-80,120,-5.950,-6.050,0
-75,120,-5.976,-6.076,0
-70,120,-5.989,-6.089,0
-65,120,-5.977,-6.077,0
-60,120,-5.965,-6.065,0
-55,120,-5.960,-6.060,0
-50,120,-5.943,-6.043,0
-45,120,-5.910,-6.010,0
-40,120,-5.899,-5.999,0
-35,120,-5.925,-6.025,0
-30,120,-5.957,-6.057,0
-25,120,-5.986,-6.086,0
-20,120,-5.990,-6.090,0
-15,120,-5.935,-6.035,0
-10,120,-5.908,-6.008,0
-5,120,-5.955,-6.055,0
0,120,-5.992,-6.092,0
5,120,-6.013,-6.113,0
10,120,-6.031,-6.131,0
15,120,-5.977,-6.077,0
20,120,-5.934,-6.034,0
25,120,-5.969,-6.069,0
30,120,-6.003,-6.103,0
35,120,-6.031,-6.131,0
40,120,-6.056,-6.156,0
45,120,-6.055,-6.155,0
50,120,-6.059,-6.159,0
55,120,-6.064,-6.164,0
60,120,-6.064,-6.164,0
65,120,-6.001,-6.101,0
70,120,-5.932,-6.032,0
75,120,-5.858,-5.958,0
80,120,-5.794,-5.894,0
85,120,-5.780,-5.880,0
90,120,-5.768,-5.868,0
95,120,-5.736,-5.836,0
100,120,-5.699,-5.799,0
105,120,-5.701,-5.801,0
110,120,-5.711,-5.811,0
115,120,-5.733,-5.833,0
120,120,-5.758,-5.858,0
125,120,-5.778,-5.878,0
130,120,-5.791,-5.891,0
135,120,-5.795,-5.895,0
140,120,-5.798,-5.898,0
145,120,-5.812,-5.912,0
150,120,-5.825,-5.925,0
-150,125,-5.962,-6.062,0
-145,125,-5.983,-6.083,0
-140,125,-6.003,-6.103,0
-135,125,-6.019,-6.119,0
-130,125,-6.017,-6.117,0
-125,125,-6.014,-6.114,0
-120,125,-5.998,-6.098,0
-115,125,-5.973,-6.073,0
-110,125,-6.004,-6.104,0
-105,125,-6.056,-6.156,0
-100,125,-6.121,-6.221,0
-95,125,-6.177,-6.277,0
-90,125,-6.168,-6.268,0
-85,125,-6.154,-6.254,0
-80,125,-6.174,-6.274,0
-75,125,-6.201,-6.301,0
-70,125,-6.204,-6.304,0
-65,125,-6.202,-6.302,0
-60,125,-6.195,-6.295,0
-55,125,-6.194,-6.294,0
-50,125,-6.169,-6.269,0
-45,125,-6.134,-6.234,0
-40,125,-6.120,-6.220,0
-35,125,-6.126,-6.226,0
-30,125,-6.134,-6.234,0
-25,125,-6.147,-6.247,0
-20,125,-6.144,-6.244,0
-15,125,-6.111,-6.211,0
-10,125,-6.120,-6.220,0
-5,125,-6.183,-6.283,0
0,125,-6.204,-6.304,0
5,125,-6.193,-6.293,0
10,125,-6.177,-6.277,0
15,125,-6.133,-6.233,0
20,125,-6.113,-6.213,0
25,125,-6.142,-6.242,0
30,125,-6.172,-6.272,0
35,125,-6.201,-6.301,0
40,125,-6.225,-6.325,0
45,125,-6.221,-6.321,0
50,125,-6.221,-6.321,0
55,125,-6.238,-6.338,0
60,125,-6.237,-6.337,0
65,125,-6.183,-6.283,0
70,125,-6.119,-6.219,0
75,125,-6.030,-6.130,0
80,125,-5.954,-6.054,0
85,125,-5.943,-6.043,0
90,125,-5.932,-6.032,0
95,125,-5.900,-6.000,0
100,125,-5.867,-5.967,0
105,125,-5.876,-5.976,0
110,125,-5.886,-5.986,0
115,125,-5.919,-6.019,0
120,125,-5.949,-6.049,0
125,125,-5.943,-6.043,0
130,125,-5.946,-6.046,0
135,125,-5.957,-6.057,0
140,125,-5.964,-6.064,0
145,125,-6.001,-6.101,0
150,125,-6.033,-6.133,0
-150,130,-6.152,-6.252,0
-145,130,-6.192,-6.292,0
-140,130,-6.231,-6.331,0
-135,130,-6.269,-6.369,0
-130,130,-6.281,-6.381,0
-125,130,-6.279,-6.379,0
-120,130,-6.282,-6.382,0
-115,130,-6.276,-6.376,0
-110,130,-6.281,-6.381,0
-105,130,-6.301,-6.401,0
-100,130,-6.366,-6.466,0
-95,130,-6.430,-6.530,0
-90,130,-6.392,-6.492,0
-85,130,-6.363,-6.463,0
-80,130,-6.401,-6.501,0
-75,130,-6.434,-6.534,0
-70,130,-6.428,-6.528,0
-65,130,-6.422,-6.522,0
-60,130,-6.383,-6.483,0
-55,130,-6.354,-6.454,0
-50,130,-6.354,-6.454,0
-45,130,-6.346,-6.446,0
-40,130,-6.332,-6.432,0
-35,130,-6.320,-6.420,0
-30,130,-6.297,-6.397,0
-25,130,-6.283,-6.383,0
-20,130,-6.277,-6.377,0
-15,130,-6.265,-6.365,0
-10,130,-6.284,-6.384,0
-5,130,-6.330,-6.430,0
0,130,-6.345,-6.445,0
5,130,-6.339,-6.439,0
10,130,-6.319,-6.419,0
15,130,-6.289,-6.389,0
20,130,-6.288,-6.388,0
25,130,-6.311,-6.411,0
30,130,-6.330,-6.430,0
35,130,-6.347,-6.447,0
40,130,-6.358,-6.458,0
45,130,-6.356,-6.456,0
50,130,-6.368,-6.468,0
55,130,-6.397,-6.497,0
60,130,-6.396,-6.496,0
65,130,-6.359,-6.459,0
70,130,-6.299,-6.399,0
75,130,-6.196,-6.296,0
80,130,-6.123,-6.223,0
85,130,-6.108,-6.208,0
90,130,-6.087,-6.187,0
95,130,-6.051,-6.151,0
100,130,-6.031,-6.131,0
105,130,-6.052,-6.152,0
110,130,-6.072,-6.172,0
115,130,-6.108,-6.208,0
120,130,-6.134,-6.234,0
125,130,-6.100,-6.200,0
130,130,-6.082,-6.182,0
135,130,-6.099,-6.199,0
140,130,-6.117,-6.217,0
145,130,-6.173,-6.273,0
150,130,-6.223,-6.323,0
-150,135,-6.328,-6.428,0
-145,135,-6.360,-6.460,0
-140,135,-6.392,-6.492,0
-135,135,-6.424,-6.524,0
-130,135,-6.450,-6.550,0
-125,135,-6.477,-6.577,0
-120,135,-6.510,-6.610,0
-115,135,-6.535,-6.635,0
-110,135,-6.537,-6.637,0
-105,135,-6.549,-6.649,0
-100,135,-6.611,-6.711,0
-95,135,-6.646,-6.746,0
-90,135,-6.588,-6.688,0
-85,135,-6.558,-6.658,0
-80,135,-6.618,-6.718,0
-75,135,-6.660,-6.760,0
-70,135,-6.644,-6.744,0
-65,135,-6.628,-6.728,0
-60,135,-6.562,-6.662,0
-55,135,-6.501,-6.601,0
-50,135,-6.536,-6.636,0
-45,135,-6.557,-6.657,0
-40,135,-6.542,-6.642,0
-35,135,-6.527,-6.627,0
-30,135,-6.487,-6.587,0
-25,135,-6.451,-6.551,0
-20,135,-6.452,-6.552,0
-15,135,-6.447,-6.547,0
-10,135,-6.446,-6.546,0
-5,135,-6.461,-6.561,0
0,135,-6.466,-6.566,0
5,135,-6.464,-6.564,0
10,135,-6.447,-6.547,0
15,135,-6.424,-6.524,0
20,135,-6.438,-6.538,0
25,135,-6.464,-6.564,0
30,135,-6.483,-6.583,0
35,135,-6.496,-6.596,0
40,135,-6.496,-6.596,0
45,135,-6.488,-6.588,0
50,135,-6.508,-6.608,0
55,135,-6.540,-6.640,0
60,135,-6.512,-6.612,0
65,135,-6.454,-6.554,0
70,135,-6.397,-6.497,0
75,135,-6.328,-6.428,0
80,135,-6.285,-6.385,0
85,135,-6.271,-6.371,0
90,135,-6.242,-6.342,0
95,135,-6.200,-6.300,0
100,135,-6.196,-6.296,0
105,135,-6.234,-6.334,0
110,135,-6.266,-6.366,0
115,135,-6.297,-6.397,0
120,135,-6.307,-6.407,0
125,135,-6.271,-6.371,0
130,135,-6.250,-6.350,0
135,135,-6.263,-6.363,0
140,135,-6.286,-6.386,0
145,135,-6.347,-6.447,0
150,135,-6.399,-6.499,0
-150,140,-6.544,-6.644,0
-145,140,-6.554,-6.654,0
-140,140,-6.566,-6.666,0
-135,140,-6.588,-6.688,0
-130,140,-6.615,-6.715,0
-125,140,-6.649,-6.749,0
-120,140,-6.684,-6.784,0
-115,140,-6.714,-6.814,0
-110,140,-6.735,-6.835,0
-105,140,-6.778,-6.878,0
-100,140,-6.850,-6.950,0
-95,140,-6.873,-6.973,0
-90,140,-6.813,-6.913,0
-85,140,-6.778,-6.878,0
-80,140,-6.841,-6.941,0
-75,140,-6.877,-6.977,0
-70,140,-6.850,-6.950,0
-65,140,-6.821,-6.921,0
-60,140,-6.775,-6.875,0
-55,140,-6.748,-6.848,0
-50,140,-6.787,-6.887,0
-45,140,-6.803,-6.903,0
-40,140,-6.767,-6.867,0
-35,140,-6.731,-6.831,0
-30,140,-6.677,-6.777,0
-25,140,-6.642,-6.742,0
-20,140,-6.666,-6.766,0
-15,140,-6.678,-6.778,0
-10,140,-6.660,-6.760,0
-5,140,-6.649,-6.749,0
0,140,-6.634,-6.734,0
5,140,-6.619,-6.719,0
10,140,-6.599,-6.699,0
15,140,-6.569,-6.669,0
20,140,-6.586,-6.686,0
25,140,-6.612,-6.712,0
30,140,-6.641,-6.741,0
35,140,-6.665,-6.765,0
40,140,-6.693,-6.793,0
45,140,-6.708,-6.808,0
50,140,-6.707,-6.807,0
55,140,-6.712,-6.812,0
60,140,-6.642,-6.742,0
65,140,-6.549,-6.649,0
70,140,-6.499,-6.599,0
75,140,-6.457,-6.557,0
80,140,-6.442,-6.542,0
85,140,-6.438,-6.538,0
90,140,-6.413,-6.513,0
95,140,-6.377,-6.477,0
100,140,-6.379,-6.479,0
105,140,-6.412,-6.512,0
110,140,-6.448,-6.548,0
115,140,-6.483,-6.583,0
120,140,-6.482,-6.582,0
125,140,-6.454,-6.554,0
130,140,-6.451,-6.551,0
135,140,-6.470,-6.570,0
140,140,-6.506,-6.606,0
145,140,-6.563,-6.663,0
150,140,-6.588,-6.688,0
-150,145,-6.772,-6.872,0
-145,145,-6.772,-6.872,0
-140,145,-6.776,-6.876,0
-135,145,-6.815,-6.915,0
-130,145,-6.854,-6.954,0
-125,145,-6.874,-6.974,0
-120,145,-6.891,-6.991,0
-115,145,-6.924,-7.024,0
-110,145,-6.948,-7.048,0
-105,145,-7.009,-7.109,0
-100,145,-7.091,-7.191,0
-95,145,-7.139,-7.239,0
-90,145,-7.145,-7.245,0
-85,145,-7.150,-7.250,0
-80,145,-7.175,-7.275,0
-75,145,-7.156,-7.256,0
-70,145,-7.098,-7.198,0
-65,145,-7.044,-7.144,0
-60,145,-7.000,-7.100,0
-55,145,-7.012,-7.112,0
-50,145,-7.072,-7.172,0
-45,145,-7.081,-7.181,0
-40,145,-7.034,-7.134,0
-35,145,-6.990,-7.090,0
-30,145,-6.942,-7.042,0
-25,145,-6.908,-7.008,0
-20,145,-6.915,-7.015,0
-15,145,-6.912,-7.012,0
-10,145,-6.870,-6.970,0
-5,145,-6.840,-6.940,0
0,145,-6.822,-6.922,0
5,145,-6.810,-6.910,0
10,145,-6.813,-6.913,0
15,145,-6.810,-6.910,0
20,145,-6.819,-6.919,0
25,145,-6.825,-6.925,0
30,145,-6.829,-6.929,0
35,145,-6.846,-6.946,0
40,145,-6.902,-7.002,0
45,145,-6.948,-7.048,0
50,145,-6.923,-7.023,0
55,145,-6.907,-7.007,0
60,145,-6.830,-6.930,0
65,145,-6.748,-6.848,0
70,145,-6.682,-6.782,0
75,145,-6.622,-6.722,0
80,145,-6.614,-6.714,0
85,145,-6.611,-6.711,0
90,145,-6.589,-6.689,0
95,145,-6.561,-6.661,0
100,145,-6.560,-6.660,0
105,145,-6.572,-6.672,0
110,145,-6.606,-6.706,0
115,145,-6.642,-6.742,0
120,145,-6.631,-6.731,0
125,145,-6.607,-6.707,0
130,145,-6.628,-6.728,0
135,145,-6.665,-6.765,0
140,145,-6.724,-6.824,0
145,145,-6.784,-6.884,0
150,145,-6.771,-6.871,0
-150,150,-6.997,-7.097,0
-145,150,-7.003,-7.103,0
-140,150,-6.999,-7.099,0
-135,150,-7.055,-7.155,0
-130,150,-7.110,-7.210,0
-125,150,-7.119,-7.219,0
-120,150,-7.130,-7.230,0
-115,150,-7.206,-7.306,0
-110,150,-7.272,-7.372,0
-105,150,-7.296,-7.396,0
-100,150,-7.335,-7.435,0
-95,150,-7.383,-7.483,0
-90,150,-7.449,-7.549,0
-85,150,-7.498,-7.598,0
-80,150,-7.514,-7.614,0
-75,150,-7.463,-7.563,0
-70,150,-7.396,-7.496,0
-65,150,-7.321,-7.421,0
-60,150,-7.251,-7.351,0
-55,150,-7.249,-7.349,0
-50,150,-7.292,-7.392,0
-45,150,-7.291,-7.391,0
-40,150,-7.261,-7.361,0
-35,150,-7.250,-7.350,0
-30,150,-7.225,-7.325,0
-25,150,-7.200,-7.300,0
-20,150,-7.192,-7.292,0
-15,150,-7.170,-7.270,0
-10,150,-7.130,-7.230,0
-5,150,-7.091,-7.191,0
0,150,-7.054,-7.154,0
5,150,-7.036,-7.136,0
10,150,-7.043,-7.143,0
15,150,-7.052,-7.152,0
20,150,-7.064,-7.164,0
25,150,-7.061,-7.161,0
30,150,-7.039,-7.139,0
35,150,-7.040,-7.140,0
40,150,-7.077,-7.177,0
45,150,-7.113,-7.213,0
50,150,-7.119,-7.219,0
55,150,-7.100,-7.200,0
60,150,-7.032,-7.132,0
65,150,-6.953,-7.053,0
70,150,-6.871,-6.971,0
75,150,-6.806,-6.906,0
80,150,-6.796,-6.896,0
85,150,-6.789,-6.889,0
90,150,-6.778,-6.878,0
95,150,-6.763,-6.863,0
100,150,-6.766,-6.866,0
105,150,-6.763,-6.863,0
110,150,-6.781,-6.881,0
115,150,-6.805,-6.905,0
120,150,-6.772,-6.872,0
125,150,-6.741,-6.841,0
130,150,-6.776,-6.876,0
135,150,-6.815,-6.915,0
140,150,-6.890,-6.990,0
145,150,-6.966,-7.066,0
150,150,-6.937,-7.037,0
-150,155,-7.230,-7.330,0
-145,155,-7.259,-7.359,0
-140,155,-7.296,-7.396,0
-135,155,-7.386,-7.486,0
-130,155,-7.445,-7.545,0
-125,155,-7.422,-7.522,0
-120,155,-7.414,-7.514,0
-115,155,-7.494,-7.594,0
-110,155,-7.596,-7.696,0
-105,155,-7.572,-7.672,0
-100,155,-7.563,-7.663,0
-95,155,-7.563,-7.663,0
-90,155,-7.582,-7.682,0
-85,155,-7.557,-7.657,0
-80,155,-7.560,-7.660,0
-75,155,-7.547,-7.647,0
-70,155,-7.539,-7.639,0
-65,155,-7.524,-7.624,0
-60,155,-7.487,-7.587,0
-55,155,-7.462,-7.562,0
-50,155,-7.460,-7.560,0
-45,155,-7.423,-7.523,0
-40,155,-7.381,-7.481,0
-35,155,-7.377,-7.477,0
-30,155,-7.381,-7.481,0
-25,155,-7.384,-7.484,0
-20,155,-7.394,-7.494,0
-15,155,-7.393,-7.493,0
-10,155,-7.388,-7.488,0
-5,155,-7.351,-7.451,0
0,155,-7.310,-7.410,0
5,155,-7.293,-7.393,0
10,155,-7.293,-7.393,0
15,155,-7.288,-7.388,0
20,155,-7.285,-7.385,0
25,155,-7.268,-7.368,0
30,155,-7.236,-7.336,0
35,155,-7.227,-7.327,0
40,155,-7.244,-7.344,0
45,155,-7.280,-7.380,0
50,155,-7.317,-7.417,0
55,155,-7.317,-7.417,0
60,155,-7.272,-7.372,0
65,155,-7.209,-7.309,0
70,155,-7.125,-7.225,0
75,155,-7.054,-7.154,0
80,155,-7.017,-7.117,0
85,155,-6.990,-7.090,0
90,155,-6.975,-7.075,0
95,155,-6.978,-7.078,0
100,155,-6.994,-7.094,0
105,155,-7.002,-7.102,0
110,155,-7.007,-7.107,0
115,155,-7.005,-7.105,0
120,155,-6.951,-7.051,0
125,155,-6.914,-7.014,0
130,155,-6.953,-7.053,0
135,155,-6.988,-7.088,0
140,155,-7.060,-7.160,0
145,155,-7.139,-7.239,0
150,155,-7.102,-7.202,0
-150,160,-7.515,-7.615,0
-145,160,-7.535,-7.635,0
-140,160,-7.596,-7.696,0
-135,160,-7.729,-7.829,0
-130,160,-7.788,-7.888,0
-125,160,-7.753,-7.853,0
-120,160,-7.725,-7.825,0
-115,160,-7.725,-7.825,0
-110,160,-7.737,-7.837,0
-105,160,-7.714,-7.814,0
-100,160,-7.697,-7.797,0
-95,160,-7.681,-7.781,0
-90,160,-7.663,-7.763,0
-85,160,-7.589,-7.689,0
-80,160,-7.530,-7.630,0
-75,160,-7.501,-7.601,0
-70,160,-7.488,-7.588,0
-65,160,-7.530,-7.630,0
-60,160,-7.547,-7.647,0
-55,160,-7.548,-7.648,0
-50,160,-7.550,-7.650,0
-45,160,-7.520,-7.620,0
-40,160,-7.486,-7.586,0
-35,160,-7.505,-7.605,0
-30,160,-7.513,-7.613,0
-25,160,-7.504,-7.604,0
-20,160,-7.500,-7.600,0
-15,160,-7.492,-7.592,0
-10,160,-7.484,-7.584,0
-5,160,-7.479,-7.579,0
0,160,-7.471,-7.571,0
5,160,-7.484,-7.584,0
10,160,-7.507,-7.607,0
15,160,-7.516,-7.616,0
20,160,-7.494,-7.594,0
25,160,-7.461,-7.561,0
30,160,-7.425,-7.525,0
35,160,-7.409,-7.509,0
40,160,-7.408,-7.508,0
45,160,-7.449,-7.549,0
50,160,-7.506,-7.606,0
55,160,-7.520,-7.620,0
60,160,-7.507,-7.607,0
65,160,-7.470,-7.570,0
70,160,-7.398,-7.498,0
75,160,-7.337,-7.437,0
80,160,-7.291,-7.391,0
85,160,-7.268,-7.368,0
90,160,-7.262,-7.362,0
95,160,-7.258,-7.358,0
100,160,-7.261,-7.361,0
105,160,-7.259,-7.359,0
110,160,-7.244,-7.344,0
115,160,-7.199,-7.299,0
120,160,-7.136,-7.236,0
125,160,-7.118,-7.218,0
130,160,-7.175,-7.275,0
135,160,-7.239,-7.339,0
140,160,-7.330,-7.430,0
145,160,-7.378,-7.478,0
150,160,-7.324,-7.424,0
-150,165,-7.822,-7.922,0
-145,165,-7.823,-7.923,0
-140,165,-7.841,-7.941,0
-135,165,-7.894,-7.994,0
-130,165,-7.927,-8.027,0
-125,165,-7.931,-8.031,0
-120,165,-7.923,-8.023,0
-115,165,-7.899,-7.999,0
-110,165,-7.867,-7.967,0
-105,165,-7.821,-7.921,0
-100,165,-7.774,-7.874,0
-95,165,-7.725,-7.825,0
-90,165,-7.683,-7.783,0
-85,165,-7.630,-7.730,0
-80,165,-7.574,-7.674,0
-75,165,-7.526,-7.626,0
-70,165,-7.507,-7.607,0
-65,165,-7.565,-7.665,0
-60,165,-7.611,-7.711,0
-55,165,-7.605,-7.705,0
-50,165,-7.598,-7.698,0
-45,165,-7.580,-7.680,0
-40,165,-7.566,-7.666,0
-35,165,-7.582,-7.682,0
-30,165,-7.597,-7.697,0
-25,165,-7.593,-7.693,0
-20,165,-7.589,-7.689,0
-15,165,-7.583,-7.683,0
-10,165,-7.580,-7.680,0
-5,165,-7.580,-7.680,0
0,165,-7.577,-7.677,0
5,165,-7.580,-7.680,0
10,165,-7.589,-7.689,0
15,165,-7.596,-7.696,0
20,165,-7.602,-7.702,0
25,165,-7.591,-7.691,0
30,165,-7.576,-7.676,0
35,165,-7.573,-7.673,0
40,165,-7.565,-7.665,0
45,165,-7.621,-7.721,0
50,165,-7.684,-7.784,0
55,165,-7.692,-7.792,0
60,165,-7.686,-7.786,0
65,165,-7.625,-7.725,0
70,165,-7.559,-7.659,0
75,165,-7.532,-7.632,0
80,165,-7.512,-7.612,0
85,165,-7.525,-7.625,0
90,165,-7.553,-7.653,0
95,165,-7.551,-7.651,0
100,165,-7.549,-7.649,0
105,165,-7.553,-7.653,0
110,165,-7.554,-7.654,0
115,165,-7.510,-7.610,0
120,165,-7.432,-7.532,0
125,165,-7.404,-7.504,0
130,165,-7.434,-7.534,0
135,165,-7.501,-7.601,0
140,165,-7.607,-7.707,0
145,165,-7.637,-7.737,0
150,165,-7.580,-7.680,0
-150,170,-8.023,-8.123,0
-145,170,-8.040,-8.140,0
-140,170,-8.034,-8.134,0
-135,170,-8.025,-8.125,0
-130,170,-8.015,-8.115,0
-125,170,-8.008,-8.108,0
-120,170,-7.992,-8.092,0
-115,170,-7.970,-8.070,0
-110,170,-7.940,-8.040,0
-105,170,-7.903,-8.003,0
-100,170,-7.842,-7.942,0
-95,170,-7.770,-7.870,0
-90,170,-7.720,-7.820,0
-85,170,-7.679,-7.779,0
-80,170,-7.642,-7.742,0
-75,170,-7.603,-7.703,0
-70,170,-7.595,-7.695,0
-65,170,-7.627,-7.727,0
-60,170,-7.658,-7.758,0
-55,170,-7.672,-7.772,0
-50,170,-7.667,-7.767,0
-45,170,-7.648,-7.748,0
-40,170,-7.645,-7.745,0
-35,170,-7.659,-7.759,0
-30,170,-7.667,-7.767,0
-25,170,-7.664,-7.764,0
-20,170,-7.655,-7.755,0
-15,170,-7.640,-7.740,0
-10,170,-7.629,-7.729,0
-5,170,-7.627,-7.727,0
0,170,-7.638,-7.738,0
5,170,-7.662,-7.762,0
10,170,-7.672,-7.772,0
15,170,-7.677,-7.777,0
20,170,-7.684,-7.784,0
25,170,-7.678,-7.778,0
30,170,-7.673,-7.773,0
35,170,-7.689,-7.789,0
40,170,-7.700,-7.800,0
45,170,-7.752,-7.852,0
50,170,-7.813,-7.913,0
55,170,-7.831,-7.931,0
60,170,-7.851,-7.951,0
65,170,-7.770,-7.870,0
70,170,-7.681,-7.781,0
75,170,-7.668,-7.768,0
80,170,-7.655,-7.755,0
85,170,-7.663,-7.763,0
90,170,-7.680,-7.780,0
95,170,-7.704,-7.804,0
100,170,-7.732,-7.832,0
105,170,-7.781,-7.881,0
110,170,-7.837,-7.937,0
115,170,-7.828,-7.928,0
120,170,-7.763,-7.863,0
125,170,-7.735,-7.835,0
130,170,-7.733,-7.833,0
135,170,-7.769,-7.869,0
140,170,-7.833,-7.933,0
145,170,-7.821,-7.921,0
150,170,-7.771,-7.871,0
-150,175,-8.148,-8.248,0
-145,175,-8.145,-8.245,0
-140,175,-8.118,-8.218,0
-135,175,-8.098,-8.198,0
-130,175,-8.090,-8.190,0
-125,175,-8.081,-8.181,0
-120,175,-8.061,-8.161,0
-115,175,-8.042,-8.142,0
-110,175,-8.014,-8.114,0
-105,175,-7.982,-8.082,0
-100,175,-7.909,-8.009,0
-95,175,-7.832,-7.932,0
-90,175,-7.805,-7.905,0
-85,175,-7.781,-7.881,0
-80,175,-7.764,-7.864,0
-75,175,-7.737,-7.837,0
-70,175,-7.709,-7.809,0
-65,175,-7.694,-7.794,0
-60,175,-7.715,-7.815,0
-55,175,-7.752,-7.852,0
-50,175,-7.747,-7.847,0
-45,175,-7.724,-7.824,0
-40,175,-7.726,-7.826,0
-35,175,-7.742,-7.842,0
-30,175,-7.761,-7.861,0
-25,175,-7.771,-7.871,0
-20,175,-7.753,-7.853,0
-15,175,-7.713,-7.813,0
-10,175,-7.671,-7.771,0
-5,175,-7.652,-7.752,0
0,175,-7.678,-7.778,0
5,175,-7.742,-7.842,0
10,175,-7.783,-7.883,0
15,175,-7.805,-7.905,0
20,175,-7.809,-7.909,0
25,175,-7.796,-7.896,0
30,175,-7.791,-7.891,0
35,175,-7.811,-7.911,0
40,175,-7.835,-7.935,0
45,175,-7.862,-7.962,0
50,175,-7.892,-7.992,0
55,175,-7.905,-8.005,0
60,175,-7.907,-8.007,0
65,175,-7.852,-7.952,0
70,175,-7.797,-7.897,0
75,175,-7.790,-7.890,0
80,175,-7.787,-7.887,0
85,175,-7.791,-7.891,0
90,175,-7.796,-7.896,0
95,175,-7.810,-7.910,0
100,175,-7.830,-7.930,0
105,175,-7.876,-7.976,0
110,175,-7.925,-8.025,0
115,175,-7.915,-8.015,0
120,175,-7.905,-8.005,0
125,175,-7.930,-8.030,0
130,175,-7.954,-8.054,0
135,175,-7.998,-8.098,0
140,175,-8.039,-8.139,0
145,175,-7.974,-8.074,0
150,175,-7.903,-8.003,0
-150,180,-8.199,-8.299,0
-145,180,-8.203,-8.303,0
-140,180,-8.185,-8.285,0
-135,180,-8.168,-8.268,0
-130,180,-8.163,-8.263,0
-125,180,-8.154,-8.254,0
-120,180,-8.131,-8.231,0
-115,180,-8.110,-8.210,0
-110,180,-8.095,-8.195,0
-105,180,-8.071,-8.171,0
-100,180,-8.005,-8.105,0
-95,180,-7.926,-8.026,0
-90,180,-7.908,-8.008,0
-85,180,-7.891,-7.991,0
-80,180,-7.916,-8.016,0
-75,180,-7.926,-8.026,0
-70,180,-7.878,-7.978,0
-65,180,-7.838,-7.938,0
-60,180,-7.840,-7.940,0
-55,180,-7.854,-7.954,0
-50,180,-7.855,-7.955,0
-45,180,-7.834,-7.934,0
-40,180,-7.826,-7.926,0
-35,180,-7.827,-7.927,0
-30,180,-7.875,-7.975,0
-25,180,-7.919,-8.019,0
-20,180,-7.924,-8.024,0
-15,180,-7.909,-8.009,0
-10,180,-7.887,-7.987,0
-5,180,-7.851,-7.951,0
0,180,-7.848,-7.948,0
5,180,-7.881,-7.981,0
10,180,-7.912,-8.012,0
15,180,-7.943,-8.043,0
20,180,-7.950,-8.050,0
25,180,-7.936,-8.036,0
30,180,-7.928,-8.028,0
35,180,-7.932,-8.032,0
40,180,-7.956,-8.056,0
45,180,-7.990,-8.090,0
50,180,-8.001,-8.101,0
55,180,-7.995,-8.095,0
60,180,-7.977,-8.077,0
65,180,-7.941,-8.041,0
70,180,-7.910,-8.010,0
75,180,-7.896,-7.996,0
80,180,-7.889,-7.989,0
85,180,-7.890,-7.990,0
90,180,-7.898,-7.998,0
95,180,-7.916,-8.016,0
100,180,-7.934,-8.034,0
105,180,-7.964,-8.064,0
110,180,-7.997,-8.097,0
115,180,-7.990,-8.090,0
120,180,-7.986,-8.086,0
125,180,-8.017,-8.117,0
130,180,-8.047,-8.147,0
135,180,-8.080,-8.180,0
140,180,-8.112,-8.212,0
145,180,-8.060,-8.160,0
150,180,-8.004,-8.104,0
-150,185,-8.192,-8.292,0
-145,185,-8.189,-8.289,0
-140,185,-8.171,-8.271,0
-135,185,-8.161,-8.261,0
-130,185,-8.165,-8.265,0
-125,185,-8.176,-8.276,0
-120,185,-8.181,-8.281,0
-115,185,-8.179,-8.279,0
-110,185,-8.182,-8.282,0
-105,185,-8.170,-8.270,0
-100,185,-8.136,-8.236,0
-95,185,-8.099,-8.199,0
-90,185,-8.093,-8.193,0
-85,185,-8.080,-8.180,0
-80,185,-8.071,-8.171,0
-75,185,-8.070,-8.170,0
-70,185,-8.022,-8.122,0
-65,185,-7.975,-8.075,0
-60,185,-7.960,-8.060,0
-55,185,-7.958,-8.058,0
-50,185,-8.005,-8.105,0
-45,185,-8.033,-8.133,0
-40,185,-8.054,-8.154,0
-35,185,-8.065,-8.165,0
-30,185,-8.082,-8.182,0
-25,185,-8.108,-8.208,0
-20,185,-8.109,-8.209,0
-15,185,-8.113,-8.213,0
-10,185,-8.129,-8.229,0
-5,185,-8.128,-8.228,0
0,185,-8.108,-8.208,0
5,185,-8.102,-8.202,0
10,185,-8.107,-8.207,0
15,185,-8.118,-8.218,0
20,185,-8.106,-8.206,0
25,185,-8.086,-8.186,0
30,185,-8.066,-8.166,0
35,185,-8.049,-8.149,0
40,185,-8.082,-8.182,0
45,185,-8.132,-8.232,0
50,185,-8.134,-8.234,0
55,185,-8.116,-8.216,0
60,185,-8.081,-8.181,0
65,185,-8.036,-8.136,0
70,185,-8.014,-8.114,0
75,185,-8.005,-8.105,0
80,185,-7.994,-8.094,0
85,185,-7.990,-8.090,0
90,185,-8.001,-8.101,0
95,185,-8.024,-8.124,0
100,185,-8.034,-8.134,0
105,185,-8.036,-8.136,0
110,185,-8.047,-8.147,0
115,185,-8.053,-8.153,0
120,185,-8.065,-8.165,0
125,185,-8.096,-8.196,0
130,185,-8.129,-8.229,0
135,185,-8.157,-8.257,0
140,185,-8.166,-8.266,0
145,185,-8.125,-8.225,0
150,185,-8.094,-8.194,0
-150,190,-8.221,-8.321,0
-145,190,-8.195,-8.295,0
-140,190,-8.163,-8.263,0
-135,190,-8.144,-8.244,0
-130,190,-8.137,-8.237,0
-125,190,-8.162,-8.262,0
-120,190,-8.199,-8.299,0
-115,190,-8.211,-8.311,0
-110,190,-8.211,-8.311,0
-105,190,-8.222,-8.322,0
-100,190,-8.233,-8.333,0
-95,190,-8.246,-8.346,0
-90,190,-8.272,-8.372,0
-85,190,-8.258,-8.358,0
-80,190,-8.208,-8.308,0
-75,190,-8.172,-8.272,0
-70,190,-8.133,-8.233,0
-65,190,-8.104,-8.204,0
-60,190,-8.101,-8.201,0
-55,190,-8.105,-8.205,0
-50,190,-8.153,-8.253,0
-45,190,-8.211,-8.311,0
-40,190,-8.276,-8.376,0
-35,190,-8.319,-8.419,0
-30,190,-8.316,-8.416,0
-25,190,-8.317,-8.417,0
-20,190,-8.302,-8.402,0
-15,190,-8.292,-8.392,0
-10,190,-8.288,-8.388,0
-5,190,-8.296,-8.396,0
0,190,-8.281,-8.381,0
5,190,-8.273,-8.373,0
10,190,-8.287,-8.387,0
15,190,-8.290,-8.390,0
20,190,-8.268,-8.368,0
25,190,-8.246,-8.346,0
30,190,-8.214,-8.314,0
35,190,-8.185,-8.285,0
40,190,-8.221,-8.321,0
45,190,-8.268,-8.368,0
50,190,-8.251,-8.351,0
55,190,-8.227,-8.327,0
60,190,-8.180,-8.280,0
65,190,-8.126,-8.226,0
70,190,-8.119,-8.219,0
75,190,-8.121,-8.221,0
80,190,-8.106,-8.206,0
85,190,-8.090,-8.190,0
90,190,-8.094,-8.194,0
95,190,-8.112,-8.212,0
100,190,-8.114,-8.214,0
105,190,-8.102,-8.202,0
110,190,-8.105,-8.205,0
115,190,-8.119,-8.219,0
120,190,-8.138,-8.238,0
125,190,-8.163,-8.263,0
130,190,-8.192,-8.292,0
135,190,-8.223,-8.323,0
140,190,-8.224,-8.324,0
145,190,-8.191,-8.291,0
150,190,-8.177,-8.277,0
-150,195,-8.282,-8.382,0
-145,195,-8.248,-8.348,0
-140,195,-8.213,-8.313,0
-135,195,-8.217,-8.317,0
-130,195,-8.214,-8.314,0
-125,195,-8.236,-8.336,0
-120,195,-8.267,-8.367,0
-115,195,-8.249,-8.349,0
-110,195,-8.230,-8.330,0
-105,195,-8.257,-8.357,0
-100,195,-8.291,-8.391,0
-95,195,-8.318,-8.418,0
-90,195,-8.344,-8.444,0
-85,195,-8.337,-8.437,0
-80,195,-8.303,-8.403,0
-75,195,-8.275,-8.375,0
-70,195,-8.249,-8.349,0
-65,195,-8.239,-8.339,0
-60,195,-8.249,-8.349,0
-55,195,-8.255,-8.355,0
-50,195,-8.271,-8.371,0
-45,195,-8.291,-8.391,0
-40,195,-8.317,-8.417,0
-35,195,-8.364,-8.464,0
-30,195,-8.418,-8.518,0
-25,195,-8.445,-8.545,0
-20,195,-8.446,-8.546,0
-15,195,-8.450,-8.550,0
-10,195,-8.425,-8.525,0
-5,195,-8.400,-8.500,0
0,195,-8.372,-8.472,0
5,195,-8.358,-8.458,0
10,195,-8.374,-8.474,0
15,195,-8.384,-8.484,0
20,195,-8.372,-8.472,0
25,195,-8.361,-8.461,0
30,195,-8.339,-8.439,0
35,195,-8.321,-8.421,0
40,195,-8.357,-8.457,0
45,195,-8.389,-8.489,0
50,195,-8.353,-8.453,0
55,195,-8.319,-8.419,0
60,195,-8.276,-8.376,0
65,195,-8.229,-8.329,0
70,195,-8.218,-8.318,0
75,195,-8.219,-8.319,0
80,195,-8.206,-8.306,0
85,195,-8.185,-8.285,0
90,195,-8.181,-8.281,0
95,195,-8.185,-8.285,0
100,195,-8.187,-8.287,0
105,195,-8.184,-8.284,0
110,195,-8.204,-8.304,0
115,195,-8.225,-8.325,0
120,195,-8.234,-8.334,0
125,195,-8.244,-8.344,0
130,195,-8.263,-8.363,0
135,195,-8.290,-8.390,0
140,195,-8.284,-8.384,0
145,195,-8.258,-8.358,0
150,195,-8.253,-8.353,0
-150,200,-8.380,-8.480,0
-145,200,-8.331,-8.431,0
-140,200,-8.271,-8.371,0
-135,200,-8.319,-8.419,0
-130,200,-8.358,-8.458,0
-125,200,-8.398,-8.498,0
-120,200,-8.435,-8.535,0
-115,200,-8.413,-8.513,0
-110,200,-8.383,-8.483,0
-105,200,-8.385,-8.485,0
-100,200,-8.398,-8.498,0
-95,200,-8.409,-8.509,0
-90,200,-8.419,-8.519,0
-85,200,-8.409,-8.509,0
-80,200,-8.388,-8.488,0
-75,200,-8.385,-8.485,0
-70,200,-8.380,-8.480,0
-65,200,-8.368,-8.468,0
-60,200,-8.364,-8.464,0
-55,200,-8.371,-8.471,0
-50,200,-8.379,-8.479,0
-45,200,-8.369,-8.469,0
-40,200,-8.346,-8.446,0
-35,200,-8.391,-8.491,0
-30,200,-8.467,-8.567,0
-25,200,-8.483,-8.583,0
-20,200,-8.463,-8.563,0
-15,200,-8.449,-8.549,0
-10,200,-8.438,-8.538,0
-5,200,-8.429,-8.529,0
0,200,-8.418,-8.518,0
5,200,-8.424,-8.524,0
10,200,-8.459,-8.559,0
15,200,-8.466,-8.566,0
20,200,-8.447,-8.547,0
25,200,-8.430,-8.530,0
30,200,-8.412,-8.512,0
35,200,-8.401,-8.501,0
40,200,-8.419,-8.519,0
45,200,-8.437,-8.537,0
50,200,-8.420,-8.520,0
55,200,-8.399,-8.499,0
60,200,-8.375,-8.475,0
65,200,-8.338,-8.438,0
70,200,-8.306,-8.406,0
75,200,-8.286,-8.386,0
80,200,-8.286,-8.386,0
85,200,-8.280,-8.380,0
90,200,-8.273,-8.373,0
95,200,-8.268,-8.368,0
100,200,-8.271,-8.371,0
105,200,-8.273,-8.373,0
110,200,-8.307,-8.407,0
115,200,-8.340,-8.440,0
120,200,-8.341,-8.441,0
125,200,-8.344,-8.444,0
130,200,-8.348,-8.448,0
135,200,-8.359,-8.459,0
140,200,-8.350,-8.450,0
145,200,-8.334,-8.434,0
150,200,-8.334,-8.434,0
