slug,name,country,lat,lon,coord_kind,source_file,source_note,accuracy_m
narrowneck-gold-coast,Narrowneck Reef (Gold Coast),Australia,-27.98639,153.42972,"card lat/lon (Wikipedia Narrow Neck QLD, 27 59 11 S 153 25 47 E)",02_research/reefs/narrowneck-gold-coast.json lat/lon,"Isthmus coordinate; reef ~100-200 m offshore, not traced.",300
cables-reef-wa,"Cables Reef (Perth, WA)",Australia,-32.0,115.74,card lat/lon (surf-forecast.com generic break coordinate),02_research/reefs/cables-reef-wa.json lat/lon,"Card md: generic surf-break coordinates, not a surveyed structure position.",1000
prattes-reef-el-segundo,Pratte's Reef (El Segundo),USA,33.915123,-118.432624,"card coordinate (published, not tied to structure)",02_research/reefs/prattes-reef-el-segundo.json lat/lon; shape.json geo_note says 3 published coordinates disagree by up to 313 m,"Reef removed 2008-2010; no traced position. Alternatives in geo_note: Gemini 33.9162,-118.4312 (unverified, not used); RWR page 33.913666,-118.429733.",300
mount-maunganui-reef,Mount Maunganui reef,New Zealand,-37.644783,176.202591,"2013 multibeam bag-field centroid (traced, work file)",07_scale/shapes/mount-maunganui-reef/work_canonical_v2.json survey_centroid_latlon,"BoPRC Fig 3 (July 2013 multibeam, EPSG:2106) registered to Esri 2011; card lat/lon is null (only town centre 37 39 35 S 176 12 53 E given).",10
opunake-reef,Opunake Reef (Taranaki),New Zealand,-39.46,173.86,card lat/lon (surf-forecast.com Opunake Beach break),02_research/reefs/opunake-reef.json lat/lon,Township 39.450 S 173.850 E; break 39.46 S 173.86 E.,1500
boscombe-surf-reef,Boscombe Surf Reef,UK,50.717532,-1.838909,reef outline centroid (traced),07_scale/shapes/boscombe-surf-reef/shape.json geo.centroid_latlon,"Traced bag-field outline on georeferenced Esri Wayback 2011-09-28 (source_id img1). Card lat/lon 50.7185,-1.8417 (latitude.to, 02_research/reefs/boscombe-surf-reef.json) lies ~310 m WNW of the traced reef (towards the pier) and is NOT used.",5
kovalam-reef-india,Kovalam reef (Kerala),India,8.4004,76.9787,"card lat/lon (Wikipedia Kovalam, 8 24 01 N 76 58 43 E)",02_research/reefs/kovalam-reef-india.json lat/lon,Town coordinate; no reef coordinate found.,1000
borth-coastal-defence-reef,"Borth coastal defence reef (multi-purpose reef, Phase 1)",UK,52.483453,-4.056205,"reef outline centroid (traced, both mounds)",07_scale/shapes/borth-coastal-defence-reef/shape.json geo.polygons_latlon (union centroid of 2 mounds),"Traced from Esri World Imagery 2024-09-17 (sat2024). Card lat/lon 52.48533,-4.05103 is the Borth village centre (Wikipedia), not the reef, and is NOT used.",5
palm-beach-gold-coast,Palm Beach Reef (Gold Coast),Australia,-28.107334,153.470913,reef outline centroid (traced to council polygon),07_scale/shapes/palm-beach-gold-coast/shape.json geo.centroid_latlon,Aerial s7 registered to City of Gold Coast polygon; position ~1-2 m vs council data.,2
southern-ocean-surf-reef-albany,"Southern Ocean Surf Reef (Albany, WA)",Australia,-35.0236,117.9136,"card lat/lon (Wikipedia Middleton Beach, 35 01 25 S 117 54 49 E)",02_research/reefs/southern-ocean-surf-reef-albany.json lat/lon,"Beach coordinate; reef ~140 m offshore, 150 m N of Surfer's Beach car park.",300
burkitts-reef-bargara,Burkitts Reef (Bargara),Australia,-24.8205,152.4625,"card lat/lon (Bargara town centre, Wikipedia) with SIGN FIXED",02_research/reefs/burkitts-reef-bargara.json lat/lon,Card JSON stores +24.8205 (north) but the card text says 24 49 14 S: latitude negated here. Town centre; reef coordinates not found.,1000
bunbury-airwave,Bunbury Airwave (Back Beach),Australia,-33.3276,115.6284,approximate centre (not traced),07_scale/shapes/bunbury-airwave/shape.json location_note.approx_centre_latlon,"uncertainty_m=100; NOT traced. ABC/RWR text puts the Airwave 30-45 m off the beach just south of the Bunbury surf club (Back Beach SLSC building at about -33.3271, 115.6298 on Esr",100
mexico-reef-2026-unnamed,"Xala reef (Costalegre, Jalisco)",Mexico,,,NONE - no coordinate in any verified source,02_research/reefs/mexico-reef-2026-unnamed.json lat/lon = null,"Card md: 'Exact reef coordinates: not found'. Costalegre coast of Jalisco, Pacific side: outside EMODnet regardless. Gemini coordinates not used (rule 2).",
