y_m,x_m,lat,lon,cell_ki,cell_kj,cell_lat,cell_lon,elev_LAT_m,status,wcs_2016,wcs_2018,wcs_2020,wcs_2022,wcs_2024,bilinear_LAT_m,elev_min,elev_max,stdev,value_count,cdi_index,interpolated
-100.0,0.0021585161900996397,52.4834818,-4.0498681,35984,30672,52.483854,-4.049479,3.190443992614746,ERDDAP masked (land/foreshore): value from WCS emodnet__mean,,-3.75,3.16904354095459,3.16904354095459,3.190443992614746,3.670333456648132,,,,,,
-95.0,0.0021585161900996397,52.4834814,-4.0499417,35984,30672,52.483854,-4.049479,3.190443992614746,ERDDAP masked (land/foreshore): value from WCS emodnet__mean,,-3.75,3.16904354095459,3.16904354095459,3.190443992614746,3.77329765733485,,,,,,
-90.0,0.0021585161900996397,52.4834811,-4.0500153,35984,30671,52.483854,-4.050521,5.2467756271362305,ERDDAP masked (land/foreshore): value from WCS emodnet__mean,,-5.25,5.177233695983887,5.177233695983887,5.2467756271362305,3.8762715403244004,,,,,,
-85.0,0.0021585161900996397,52.4834807,-4.0500889,35984,30671,52.483854,-4.050521,5.2467756271362305,ERDDAP masked (land/foreshore): value from WCS emodnet__mean,,-5.25,5.177233695983887,5.177233695983887,5.2467756271362305,3.979066659200571,,,,,,
-80.0,0.0021585161900996397,52.4834804,-4.0501624,35984,30671,52.483854,-4.050521,5.2467756271362305,ERDDAP masked (land/foreshore): value from WCS emodnet__mean,,-5.25,5.177233695983887,5.177233695983887,5.2467756271362305,4.081753840577113,,,,,,
-75.0,0.0021585161900996397,52.4834801,-4.050236,35984,30671,52.483854,-4.050521,5.2467756271362305,ERDDAP masked (land/foreshore): value from WCS emodnet__mean,,-5.25,5.177233695983887,5.177233695983887,5.2467756271362305,4.184513599235404,,,,,,
-70.0,0.0021585161900996397,52.4834797,-4.0503096,35984,30671,52.483854,-4.050521,5.2467756271362305,ERDDAP masked (land/foreshore): value from WCS emodnet__mean,,-5.25,5.177233695983887,5.177233695983887,5.2467756271362305,4.287060792715866,,,,,,
-65.0,0.0021585161900996397,52.4834794,-4.0503832,35984,30671,52.483854,-4.050521,5.2467756271362305,ERDDAP masked (land/foreshore): value from WCS emodnet__mean,,-5.25,5.177233695983887,5.177233695983887,5.2467756271362305,4.389674013810891,,,,,,
-60.0,0.0021585161900996397,52.4834791,-4.0504568,35984,30671,52.483854,-4.050521,5.2467756271362305,ERDDAP masked (land/foreshore): value from WCS emodnet__mean,,-5.25,5.177233695983887,5.177233695983887,5.2467756271362305,4.492219602172374,,,,,,
-55.0,0.0021585161900996397,52.4834787,-4.0505304,35984,30671,52.483854,-4.050521,5.2467756271362305,ERDDAP masked (land/foreshore): value from WCS emodnet__mean,,-5.25,5.177233695983887,5.177233695983887,5.2467756271362305,4.574578067046847,,,,,,
-50.0,0.0021585161900996397,52.4834784,-4.050604,35984,30671,52.483854,-4.050521,5.2467756271362305,ERDDAP masked (land/foreshore): value from WCS emodnet__mean,,-5.25,5.177233695983887,5.177233695983887,5.2467756271362305,4.523608276322484,,,,,,
-45.0,0.0021585161900996397,52.4834781,-4.0506776,35984,30671,52.483854,-4.050521,5.2467756271362305,ERDDAP masked (land/foreshore): value from WCS emodnet__mean,,-5.25,5.177233695983887,5.177233695983887,5.2467756271362305,4.4726467120856235,,,,,,
-40.0,0.0021585161900996397,52.4834777,-4.0507512,35984,30671,52.483854,-4.050521,5.2467756271362305,ERDDAP masked (land/foreshore): value from WCS emodnet__mean,,-5.25,5.177233695983887,5.177233695983887,5.2467756271362305,4.421520382199288,,,,,,
-35.0,0.0021585161900996397,52.4834774,-4.0508248,35984,30671,52.483854,-4.050521,5.2467756271362305,ERDDAP masked (land/foreshore): value from WCS emodnet__mean,,-5.25,5.177233695983887,5.177233695983887,5.2467756271362305,4.370576642055917,,,,,,
-30.0,0.0021585161900996397,52.483477,-4.0508984,35984,30671,52.483854,-4.050521,5.2467756271362305,ERDDAP masked (land/foreshore): value from WCS emodnet__mean,,-5.25,5.177233695983887,5.177233695983887,5.2467756271362305,4.3194708784281755,,,,,,
-25.0,0.0021585161900996397,52.4834767,-4.050972,35984,30671,52.483854,-4.050521,5.2467756271362305,ERDDAP masked (land/foreshore): value from WCS emodnet__mean,,-5.25,5.177233695983887,5.177233695983887,5.2467756271362305,4.268544962375695,,,,,,
-20.0,0.0021585161900996397,52.4834764,-4.0510456,35984,30670,52.483854,-4.051562,4.45999813079834,ERDDAP masked (land/foreshore): value from WCS emodnet__mean,,-2.25,4.500487327575684,4.500487327575684,4.45999813079834,4.217627272839431,,,,,,
-15.0,0.0021585161900996397,52.483476,-4.0511192,35984,30670,52.483854,-4.051562,4.45999813079834,ERDDAP masked (land/foreshore): value from WCS emodnet__mean,,-2.25,4.500487327575684,4.500487327575684,4.45999813079834,4.166551673060147,,,,,,
-10.0,0.0021585161900996397,52.4834757,-4.0511928,35984,30670,52.483854,-4.051562,4.45999813079834,ERDDAP masked (land/foreshore): value from WCS emodnet__mean,,-2.25,4.500487327575684,4.500487327575684,4.45999813079834,4.115651807601976,,,,,,
-5.0,0.0021585161900996397,52.4834754,-4.0512664,35984,30670,52.483854,-4.051562,4.45999813079834,ERDDAP masked (land/foreshore): value from WCS emodnet__mean,,-2.25,4.500487327575684,4.500487327575684,4.45999813079834,4.064760168657114,,,,,,
0.0,0.0021585161900996397,52.483475,-4.05134,35984,30670,52.483854,-4.051562,4.45999813079834,ERDDAP masked (land/foreshore): value from WCS emodnet__mean,,-2.25,4.500487327575684,4.500487327575684,4.45999813079834,4.013714732708816,,,,,,
5.0,0.0021585161900996397,52.4834747,-4.0514136,35984,30670,52.483854,-4.051562,4.45999813079834,ERDDAP masked (land/foreshore): value from WCS emodnet__mean,,-2.25,4.500487327575684,4.500487327575684,4.45999813079834,3.962840917857233,,,,,,
10.0,0.0021585161900996397,52.4834743,-4.0514872,35984,30670,52.483854,-4.051562,4.45999813079834,ERDDAP masked (land/foreshore): value from WCS emodnet__mean,,-2.25,4.500487327575684,4.500487327575684,4.45999813079834,3.9118160481677364,,,,,,
15.0,0.0021585161900996397,52.483474,-4.0515608,35984,30670,52.483854,-4.051562,4.45999813079834,ERDDAP masked (land/foreshore): value from WCS emodnet__mean,,-2.25,4.500487327575684,4.500487327575684,4.45999813079834,3.8609600574068383,,,,,,
20.0,0.0021585161900996397,52.4834737,-4.0516344,35984,30670,52.483854,-4.051562,4.45999813079834,ERDDAP masked (land/foreshore): value from WCS emodnet__mean,,-2.25,4.500487327575684,4.500487327575684,4.45999813079834,3.966661381403834,,,,,,
25.0,0.0021585161900996397,52.4834733,-4.051708,35984,30670,52.483854,-4.051562,4.45999813079834,ERDDAP masked (land/foreshore): value from WCS emodnet__mean,,-2.25,4.500487327575684,4.500487327575684,4.45999813079834,4.075994568612616,,,,,,
30.0,0.0021585161900996397,52.483473,-4.0517816,35984,30670,52.483854,-4.051562,4.45999813079834,ERDDAP masked (land/foreshore): value from WCS emodnet__mean,,-2.25,4.500487327575684,4.500487327575684,4.45999813079834,4.185541666156842,,,,,,
35.0,0.0021585161900996397,52.4834727,-4.0518552,35984,30670,52.483854,-4.051562,4.45999813079834,ERDDAP masked (land/foreshore): value from WCS emodnet__mean,,-2.25,4.500487327575684,4.500487327575684,4.45999813079834,4.295155692650823,,,,,,
40.0,0.0021585161900996397,52.4834723,-4.0519288,35984,30670,52.483854,-4.051562,4.45999813079834,ERDDAP masked (land/foreshore): value from WCS emodnet__mean,,-2.25,4.500487327575684,4.500487327575684,4.45999813079834,4.404734285958957,,,,,,
45.0,0.0021585161900996397,52.483472,-4.0520024,35984,30670,52.483854,-4.051562,4.45999813079834,ERDDAP masked (land/foreshore): value from WCS emodnet__mean,,-2.25,4.500487327575684,4.500487327575684,4.45999813079834,4.5144933251308235,,,,,,
50.0,0.0021585161900996397,52.4834716,-4.052076,35984,30670,52.483854,-4.051562,4.45999813079834,ERDDAP masked (land/foreshore): value from WCS emodnet__mean,,-2.25,4.500487327575684,4.500487327575684,4.45999813079834,4.624239240775989,,,,,,
55.0,0.0021585161900996397,52.4834713,-4.0521496,35984,30669,52.483854,-4.052604,5.414427,ERDDAP DTM2024 sea cell,,-1.7400000095367432,0.0,0.0,5.414426803588867,4.734143292640851,,,,1.0,22062.0,True
60.0,0.0021585161900996397,52.483471,-4.0522232,35984,30669,52.483854,-4.052604,5.414427,ERDDAP DTM2024 sea cell,,-1.7400000095367432,0.0,0.0,5.414426803588867,4.844114273445577,,,,1.0,22062.0,True
65.0,0.0021585161900996397,52.4834706,-4.0522968,35984,30669,52.483854,-4.052604,5.414427,ERDDAP DTM2024 sea cell,,-1.7400000095367432,0.0,0.0,5.414426803588867,4.954105595180905,,,,1.0,22062.0,True
70.0,0.0021585161900996397,52.4834703,-4.0523704,35984,30669,52.483854,-4.052604,5.414427,ERDDAP DTM2024 sea cell,,-1.7400000095367432,0.0,0.0,5.414426803588867,5.064221588682613,,,,1.0,22062.0,True
75.0,0.0021585161900996397,52.48347,-4.052444,35984,30669,52.483854,-4.052604,5.414427,ERDDAP DTM2024 sea cell,,-1.7400000095367432,0.0,0.0,5.414426803588867,5.1744045111106045,,,,1.0,22062.0,True
80.0,0.0021585161900996397,52.4834696,-4.0525176,35984,30669,52.483854,-4.052604,5.414427,ERDDAP DTM2024 sea cell,,-1.7400000095367432,0.0,0.0,5.414426803588867,5.284641238944002,,,,1.0,22062.0,True
85.0,0.0021585161900996397,52.4834693,-4.0525911,35984,30669,52.483854,-4.052604,5.414427,ERDDAP DTM2024 sea cell,,-1.7400000095367432,0.0,0.0,5.414426803588867,5.394819218487103,,,,1.0,22062.0,True
90.0,0.0021585161900996397,52.4834689,-4.0526647,35984,30669,52.483854,-4.052604,5.414427,ERDDAP DTM2024 sea cell,,-1.7400000095367432,0.0,0.0,5.414426803588867,5.288506915256299,,,,1.0,22062.0,True
95.0,0.0021585161900996397,52.4834686,-4.0527383,35984,30669,52.483854,-4.052604,5.414427,ERDDAP DTM2024 sea cell,,-1.7400000095367432,0.0,0.0,5.414426803588867,5.135476983202442,,,,1.0,22062.0,True
100.0,0.0021585161900996397,52.4834683,-4.0528119,35984,30669,52.483854,-4.052604,5.414427,ERDDAP DTM2024 sea cell,,-1.7400000095367432,0.0,0.0,5.414426803588867,4.982506986576688,,,,1.0,22062.0,True
105.0,0.0021585161900996397,52.4834679,-4.0528855,35984,30669,52.483854,-4.052604,5.414427,ERDDAP DTM2024 sea cell,,-1.7400000095367432,0.0,0.0,5.414426803588867,4.829635105397475,,,,1.0,22062.0,True
110.0,0.0021585161900996397,52.4834676,-4.0529591,35984,30669,52.483854,-4.052604,5.414427,ERDDAP DTM2024 sea cell,,-1.7400000095367432,0.0,0.0,5.414426803588867,4.676794968871967,,,,1.0,22062.0,True
115.0,0.0021585161900996397,52.4834673,-4.0530327,35984,30669,52.483854,-4.052604,5.414427,ERDDAP DTM2024 sea cell,,-1.7400000095367432,0.0,0.0,5.414426803588867,4.5240147677616545,,,,1.0,22062.0,True
120.0,0.0021585161900996397,52.4834669,-4.0531063,35984,30669,52.483854,-4.052604,5.414427,ERDDAP DTM2024 sea cell,,-1.7400000095367432,0.0,0.0,5.414426803588867,4.37136264981376,,,,1.0,22062.0,True
125.0,0.0021585161900996397,52.4834666,-4.0531799,35984,30668,52.483854,-4.053646,2.703125,ERDDAP DTM2024 sea cell,,-0.4000000059604645,-0.12890625,-0.12890625,2.703125,4.218712308791598,,,,3.0,17267.0,True
130.0,0.0021585161900996397,52.4834662,-4.0532535,35984,30668,52.483854,-4.053646,2.703125,ERDDAP DTM2024 sea cell,,-0.4000000059604645,-0.12890625,-0.12890625,2.703125,4.066210029404214,,,,3.0,17267.0,True
135.0,0.0021585161900996397,52.4834659,-4.0533271,35984,30668,52.483854,-4.053646,2.703125,ERDDAP DTM2024 sea cell,,-0.4000000059604645,-0.12890625,-0.12890625,2.703125,3.913689548488972,,,,3.0,17267.0,True
140.0,0.0021585161900996397,52.4834656,-4.0534007,35984,30668,52.483854,-4.053646,2.703125,ERDDAP DTM2024 sea cell,,-0.4000000059604645,-0.12890625,-0.12890625,2.703125,3.761229002986339,,,,3.0,17267.0,True
145.0,0.0021585161900996397,52.4834652,-4.0534743,35984,30668,52.483854,-4.053646,2.703125,ERDDAP DTM2024 sea cell,,-0.4000000059604645,-0.12890625,-0.12890625,2.703125,3.6089464868369547,,,,3.0,17267.0,True
150.0,0.0021585161900996397,52.4834649,-4.0535479,35984,30668,52.483854,-4.053646,2.703125,ERDDAP DTM2024 sea cell,,-0.4000000059604645,-0.12890625,-0.12890625,2.703125,3.4566158014322808,,,,3.0,17267.0,True
155.0,0.0021585161900996397,52.4834645,-4.0536215,35984,30668,52.483854,-4.053646,2.703125,ERDDAP DTM2024 sea cell,,-0.4000000059604645,-0.12890625,-0.12890625,2.703125,3.3044831238597894,,,,3.0,17267.0,True
160.0,0.0021585161900996397,52.4834642,-4.0536951,35984,30668,52.483854,-4.053646,2.703125,ERDDAP DTM2024 sea cell,,-0.4000000059604645,-0.12890625,-0.12890625,2.703125,3.1076797574706694,,,,3.0,17267.0,True
165.0,0.0021585161900996397,52.4834639,-4.0537687,35984,30668,52.483854,-4.053646,2.703125,ERDDAP DTM2024 sea cell,,-0.4000000059604645,-0.12890625,-0.12890625,2.703125,2.8888511918126367,,,,3.0,17267.0,True
170.0,0.0021585161900996397,52.4834635,-4.0538423,35984,30668,52.483854,-4.053646,2.703125,ERDDAP DTM2024 sea cell,,-0.4000000059604645,-0.12890625,-0.12890625,2.703125,2.6701545924846,,,,3.0,17267.0,True
175.0,0.0021585161900996397,52.4834632,-4.0539159,35984,30668,52.483854,-4.053646,2.703125,ERDDAP DTM2024 sea cell,,-0.4000000059604645,-0.12890625,-0.12890625,2.703125,2.4513119182375913,,,,3.0,17267.0,True
180.0,0.0021585161900996397,52.4834628,-4.0539895,35984,30668,52.483854,-4.053646,2.703125,ERDDAP DTM2024 sea cell,,-0.4000000059604645,-0.12890625,-0.12890625,2.703125,2.2325990397779316,,,,3.0,17267.0,True
185.0,0.0021585161900996397,52.4834625,-4.0540631,35984,30668,52.483854,-4.053646,2.703125,ERDDAP DTM2024 sea cell,,-0.4000000059604645,-0.12890625,-0.12890625,2.703125,2.013742256941235,,,,3.0,17267.0,True
190.0,0.0021585161900996397,52.4834622,-4.0541367,35984,30668,52.483854,-4.053646,2.703125,ERDDAP DTM2024 sea cell,,-0.4000000059604645,-0.12890625,-0.12890625,2.703125,1.794878962457989,,,,3.0,17267.0,True
195.0,0.0021585161900996397,52.4834618,-4.0542103,35984,30667,52.483854,-4.054688,-0.34,ERDDAP DTM2024 sea cell,,0.3400000035762787,-0.3400000035762787,-0.3400000035762787,-0.3400000035762787,1.5761422079129903,,,,1.0,15083.0,True
200.0,0.0021585161900996397,52.4834615,-4.0542839,35984,30667,52.483854,-4.054688,-0.34,ERDDAP DTM2024 sea cell,,0.3400000035762787,-0.3400000035762787,-0.3400000035762787,-0.3400000035762787,1.3572648048286013,,,,1.0,15083.0,True
205.0,0.0021585161900996397,52.4834612,-4.0543575,35984,30667,52.483854,-4.054688,-0.34,ERDDAP DTM2024 sea cell,,0.3400000035762787,-0.3400000035762787,-0.3400000035762787,-0.3400000035762787,1.138380890088703,,,,1.0,15083.0,True
210.0,0.0021585161900996397,52.4834608,-4.0544311,35984,30667,52.483854,-4.054688,-0.34,ERDDAP DTM2024 sea cell,,0.3400000035762787,-0.3400000035762787,-0.3400000035762787,-0.3400000035762787,0.9196202594687781,,,,1.0,15083.0,True
215.0,0.0021585161900996397,52.4834605,-4.0545047,35984,30667,52.483854,-4.054688,-0.34,ERDDAP DTM2024 sea cell,,0.3400000035762787,-0.3400000035762787,-0.3400000035762787,-0.3400000035762787,0.7007222361603198,,,,1.0,15083.0,True
220.0,0.0021585161900996397,52.4834601,-4.0545783,35984,30667,52.483854,-4.054688,-0.34,ERDDAP DTM2024 sea cell,,0.3400000035762787,-0.3400000035762787,-0.3400000035762787,-0.3400000035762787,0.48194532639835913,,,,1.0,15083.0,True
225.0,0.0021585161900996397,52.4834598,-4.0546519,35984,30667,52.483854,-4.054688,-0.34,ERDDAP DTM2024 sea cell,,0.3400000035762787,-0.3400000035762787,-0.3400000035762787,-0.3400000035762787,0.2630331944887577,,,,1.0,15083.0,True
230.0,0.0021585161900996397,52.4834595,-4.0547255,35984,30667,52.483854,-4.054688,-0.34,ERDDAP DTM2024 sea cell,,0.3400000035762787,-0.3400000035762787,-0.3400000035762787,-0.3400000035762787,0.14574633903975734,,,,1.0,15083.0,True
235.0,0.0021585161900996397,52.4834591,-4.0547991,35984,30667,52.483854,-4.054688,-0.34,ERDDAP DTM2024 sea cell,,0.3400000035762787,-0.3400000035762787,-0.3400000035762787,-0.3400000035762787,0.1237449483103443,,,,1.0,15083.0,True
240.0,0.0021585161900996397,52.4834588,-4.0548727,35984,30667,52.483854,-4.054688,-0.34,ERDDAP DTM2024 sea cell,,0.3400000035762787,-0.3400000035762787,-0.3400000035762787,-0.3400000035762787,0.10157060614671731,,,,1.0,15083.0,True
245.0,0.0021585161900996397,52.4834584,-4.0549462,35984,30667,52.483854,-4.054688,-0.34,ERDDAP DTM2024 sea cell,,0.3400000035762787,-0.3400000035762787,-0.3400000035762787,-0.3400000035762787,0.07947146183868195,,,,1.0,15083.0,True
250.0,0.0021585161900996397,52.4834581,-4.0550198,35984,30667,52.483854,-4.054688,-0.34,ERDDAP DTM2024 sea cell,,0.3400000035762787,-0.3400000035762787,-0.3400000035762787,-0.3400000035762787,0.05718588409017433,,,,1.0,15083.0,True
255.0,0.0021585161900996397,52.4834578,-4.0550934,35984,30667,52.483854,-4.054688,-0.34,ERDDAP DTM2024 sea cell,,0.3400000035762787,-0.3400000035762787,-0.3400000035762787,-0.3400000035762787,0.03484895073279862,,,,1.0,15083.0,True
260.0,0.0021585161900996397,52.4834574,-4.055167,35984,30667,52.483854,-4.054688,-0.34,ERDDAP DTM2024 sea cell,,0.3400000035762787,-0.3400000035762787,-0.3400000035762787,-0.3400000035762787,0.012530913601426094,,,,1.0,15083.0,True
265.0,0.0021585161900996397,52.4834571,-4.0552406,35984,30666,52.483854,-4.055729,-0.1796875,ERDDAP DTM2024 sea cell,-32767.0,0.05000000074505806,-0.38671875,-0.38671875,-0.1796875,-0.00991729024239038,,,,3.0,17267.0,True
270.0,0.0021585161900996397,52.4834567,-4.0553142,35984,30666,52.483854,-4.055729,-0.1796875,ERDDAP DTM2024 sea cell,-32767.0,0.05000000074505806,-0.38671875,-0.38671875,-0.1796875,-0.032363716385882535,,,,3.0,17267.0,True
275.0,0.0021585161900996397,52.4834564,-4.0553878,35984,30666,52.483854,-4.055729,-0.1796875,ERDDAP DTM2024 sea cell,-32767.0,0.05000000074505806,-0.38671875,-0.38671875,-0.1796875,-0.05492319071132759,,,,3.0,17267.0,True
280.0,0.0021585161900996397,52.4834561,-4.0554614,35984,30666,52.483854,-4.055729,-0.1796875,ERDDAP DTM2024 sea cell,-32767.0,0.05000000074505806,-0.38671875,-0.38671875,-0.1796875,-0.07753402064045009,,,,3.0,17267.0,True
285.0,0.0021585161900996397,52.4834557,-4.055535,35984,30666,52.483854,-4.055729,-0.1796875,ERDDAP DTM2024 sea cell,-32767.0,0.05000000074505806,-0.38671875,-0.38671875,-0.1796875,-0.10016875068232259,,,,3.0,17267.0,True
290.0,0.0021585161900996397,52.4834554,-4.0556086,35984,30666,52.483854,-4.055729,-0.1796875,ERDDAP DTM2024 sea cell,-32767.0,0.05000000074505806,-0.38671875,-0.38671875,-0.1796875,-0.12289085109437238,,,,3.0,17267.0,True
295.0,0.0021585161900996397,52.483455,-4.0556822,35984,30666,52.483854,-4.055729,-0.1796875,ERDDAP DTM2024 sea cell,-32767.0,0.05000000074505806,-0.38671875,-0.38671875,-0.1796875,-0.1456539701553847,,,,3.0,17267.0,True
300.0,0.0021585161900996397,52.4834547,-4.0557558,35984,30666,52.483854,-4.055729,-0.1796875,ERDDAP DTM2024 sea cell,-32767.0,0.05000000074505806,-0.38671875,-0.38671875,-0.1796875,-0.1635713787725059,,,,3.0,17267.0,True
305.0,0.0021585161900996397,52.4834544,-4.0558294,35984,30666,52.483854,-4.055729,-0.1796875,ERDDAP DTM2024 sea cell,-32767.0,0.05000000074505806,-0.38671875,-0.38671875,-0.1796875,-0.17282966819575887,,,,3.0,17267.0,True
310.0,0.0021585161900996397,52.483454,-4.055903,35984,30666,52.483854,-4.055729,-0.1796875,ERDDAP DTM2024 sea cell,-32767.0,0.05000000074505806,-0.38671875,-0.38671875,-0.1796875,-0.1820699221925256,,,,3.0,17267.0,True
315.0,0.0021585161900996397,52.4834537,-4.0559766,35984,30666,52.483854,-4.055729,-0.1796875,ERDDAP DTM2024 sea cell,-32767.0,0.05000000074505806,-0.38671875,-0.38671875,-0.1796875,-0.19130775140392575,,,,3.0,17267.0,True
320.0,0.0021585161900996397,52.4834533,-4.0560502,35984,30666,52.483854,-4.055729,-0.1796875,ERDDAP DTM2024 sea cell,-32767.0,0.05000000074505806,-0.38671875,-0.38671875,-0.1796875,-0.20052439746497586,,,,3.0,17267.0,True
325.0,0.0021585161900996397,52.483453,-4.0561238,35984,30666,52.483854,-4.055729,-0.1796875,ERDDAP DTM2024 sea cell,-32767.0,0.05000000074505806,-0.38671875,-0.38671875,-0.1796875,-0.20974176646363338,,,,3.0,17267.0,True
330.0,0.0021585161900996397,52.4834527,-4.0561974,35984,30666,52.483854,-4.055729,-0.1796875,ERDDAP DTM2024 sea cell,-32767.0,0.05000000074505806,-0.38671875,-0.38671875,-0.1796875,-0.2189496922900472,,,,3.0,17267.0,True
335.0,0.0021585161900996397,52.4834523,-4.056271,35984,30665,52.483854,-4.056771,-0.4,ERDDAP DTM2024 sea cell,-32767.0,0.5,-0.4000000059604645,-0.4000000059604645,-0.4000000059604645,-0.22813171337737703,-0.4,-0.4,0.0,1.0,15083.0,False
340.0,0.0021585161900996397,52.483452,-4.0563446,35984,30665,52.483854,-4.056771,-0.4,ERDDAP DTM2024 sea cell,-32767.0,0.5,-0.4000000059604645,-0.4000000059604645,-0.4000000059604645,-0.2373191789905721,-0.4,-0.4,0.0,1.0,15083.0,False
345.0,0.0021585161900996397,52.4834516,-4.0564182,35984,30665,52.483854,-4.056771,-0.4,ERDDAP DTM2024 sea cell,-32767.0,0.5,-0.4000000059604645,-0.4000000059604645,-0.4000000059604645,-0.2464775921406433,-0.4,-0.4,0.0,1.0,15083.0,False
350.0,0.0021585161900996397,52.4834513,-4.0564918,35984,30665,52.483854,-4.056771,-0.4,ERDDAP DTM2024 sea cell,-32767.0,0.5,-0.4000000059604645,-0.4000000059604645,-0.4000000059604645,-0.25564459754198554,-0.4,-0.4,0.0,1.0,15083.0,False
355.0,0.0021585161900996397,52.483451,-4.0565654,35984,30665,52.483854,-4.056771,-0.4,ERDDAP DTM2024 sea cell,-32767.0,0.5,-0.4000000059604645,-0.4000000059604645,-0.4000000059604645,-0.2648021597685898,-0.4,-0.4,0.0,1.0,15083.0,False
360.0,0.0021585161900996397,52.4834506,-4.056639,35984,30665,52.483854,-4.056771,-0.4,ERDDAP DTM2024 sea cell,-32767.0,0.5,-0.4000000059604645,-0.4000000059604645,-0.4000000059604645,-0.2739259479449397,-0.4,-0.4,0.0,1.0,15083.0,False
365.0,0.0021585161900996397,52.4834503,-4.0567126,35984,30665,52.483854,-4.056771,-0.4,ERDDAP DTM2024 sea cell,-32767.0,0.5,-0.4000000059604645,-0.4000000059604645,-0.4000000059604645,-0.28306304996165443,-0.4,-0.4,0.0,1.0,15083.0,False
370.0,0.0021585161900996397,52.4834499,-4.0567862,35984,30665,52.483854,-4.056771,-0.4,ERDDAP DTM2024 sea cell,-32767.0,0.5,-0.4000000059604645,-0.4000000059604645,-0.4000000059604645,-0.2974925021354921,-0.4,-0.4,0.0,1.0,15083.0,False
375.0,0.0021585161900996397,52.4834496,-4.0568598,35984,30665,52.483854,-4.056771,-0.4,ERDDAP DTM2024 sea cell,-32767.0,0.5,-0.4000000059604645,-0.4000000059604645,-0.4000000059604645,-0.33212665397704266,-0.4,-0.4,0.0,1.0,15083.0,False
380.0,0.0021585161900996397,52.4834493,-4.0569334,35984,30665,52.483854,-4.056771,-0.4,ERDDAP DTM2024 sea cell,-32767.0,0.5,-0.4000000059604645,-0.4000000059604645,-0.4000000059604645,-0.36673894343784574,-0.4,-0.4,0.0,1.0,15083.0,False
385.0,0.0021585161900996397,52.4834489,-4.057007,35984,30665,52.483854,-4.056771,-0.4,ERDDAP DTM2024 sea cell,-32767.0,0.5,-0.4000000059604645,-0.4000000059604645,-0.4000000059604645,-0.40129052856846337,-0.4,-0.4,0.0,1.0,15083.0,False
390.0,0.0021585161900996397,52.4834486,-4.0570806,35984,30665,52.483854,-4.056771,-0.4,ERDDAP DTM2024 sea cell,-32767.0,0.5,-0.4000000059604645,-0.4000000059604645,-0.4000000059604645,-0.43585544954176036,-0.4,-0.4,0.0,1.0,15083.0,False
395.0,0.0021585161900996397,52.4834482,-4.0571542,35984,30665,52.483854,-4.056771,-0.4,ERDDAP DTM2024 sea cell,-32767.0,0.5,-0.4000000059604645,-0.4000000059604645,-0.4000000059604645,-0.47035237871865987,-0.4,-0.4,0.0,1.0,15083.0,False
400.0,0.0021585161900996397,52.4834479,-4.0572278,35984,30665,52.483854,-4.056771,-0.4,ERDDAP DTM2024 sea cell,-32767.0,0.5,-0.4000000059604645,-0.4000000059604645,-0.4000000059604645,-0.504869931201783,-0.4,-0.4,0.0,1.0,15083.0,False
405.0,0.0021585161900996397,52.4834476,-4.0573013,35984,30664,52.483854,-4.057813,-1.1,ERDDAP DTM2024 sea cell,-32767.0,1.100000023841858,-1.100000023841858,-1.100000023841858,-1.100000023841858,-0.5393185492772973,-1.1,-1.1,0.0,1.0,15083.0,False
410.0,0.0021585161900996397,52.4834472,-4.0573749,35984,30664,52.483854,-4.057813,-1.1,ERDDAP DTM2024 sea cell,-32767.0,1.100000023841858,-1.100000023841858,-1.100000023841858,-1.100000023841858,-0.5737353361997694,-1.1,-1.1,0.0,1.0,15083.0,False
415.0,0.0021585161900996397,52.4834469,-4.0574485,35984,30664,52.483854,-4.057813,-1.1,ERDDAP DTM2024 sea cell,-32767.0,1.100000023841858,-1.100000023841858,-1.100000023841858,-1.100000023841858,-0.6081836726604106,-1.1,-1.1,0.0,1.0,15083.0,False
420.0,0.0021585161900996397,52.4834465,-4.0575221,35984,30664,52.483854,-4.057813,-1.1,ERDDAP DTM2024 sea cell,-32767.0,1.100000023841858,-1.100000023841858,-1.100000023841858,-1.100000023841858,-0.6425458036323846,-1.1,-1.1,0.0,1.0,15083.0,False
425.0,0.0021585161900996397,52.4834462,-4.0575957,35984,30664,52.483854,-4.057813,-1.1,ERDDAP DTM2024 sea cell,-32767.0,1.100000023841858,-1.100000023841858,-1.100000023841858,-1.100000023841858,-0.6769467716092334,-1.1,-1.1,0.0,1.0,15083.0,False
430.0,0.0021585161900996397,52.4834458,-4.0576693,35984,30664,52.483854,-4.057813,-1.1,ERDDAP DTM2024 sea cell,-32767.0,1.100000023841858,-1.100000023841858,-1.100000023841858,-1.100000023841858,-0.711254246625556,-1.1,-1.1,0.0,1.0,15083.0,False
435.0,0.0021585161900996397,52.4834455,-4.0577429,35984,30664,52.483854,-4.057813,-1.1,ERDDAP DTM2024 sea cell,-32767.0,1.100000023841858,-1.100000023841858,-1.100000023841858,-1.100000023841858,-0.7456078461104493,-1.1,-1.1,0.0,1.0,15083.0,False
440.0,0.0021585161900996397,52.4834452,-4.0578165,35984,30664,52.483854,-4.057813,-1.1,ERDDAP DTM2024 sea cell,-32767.0,1.100000023841858,-1.100000023841858,-1.100000023841858,-1.100000023841858,-0.7810361694886839,-1.1,-1.1,0.0,1.0,15083.0,False
445.0,0.0021585161900996397,52.4834448,-4.0578901,35984,30664,52.483854,-4.057813,-1.1,ERDDAP DTM2024 sea cell,-32767.0,1.100000023841858,-1.100000023841858,-1.100000023841858,-1.100000023841858,-0.8354534624354634,-1.1,-1.1,0.0,1.0,15083.0,False
450.0,0.0021585161900996397,52.4834445,-4.0579637,35984,30664,52.483854,-4.057813,-1.1,ERDDAP DTM2024 sea cell,-32767.0,1.100000023841858,-1.100000023841858,-1.100000023841858,-1.100000023841858,-0.8899458457540165,-1.1,-1.1,0.0,1.0,15083.0,False
455.0,0.0021585161900996397,52.4834441,-4.0580373,35984,30664,52.483854,-4.057813,-1.1,ERDDAP DTM2024 sea cell,-32767.0,1.100000023841858,-1.100000023841858,-1.100000023841858,-1.100000023841858,-0.9443539816860786,-1.1,-1.1,0.0,1.0,15083.0,False
460.0,0.0021585161900996397,52.4834438,-4.0581109,35984,30664,52.483854,-4.057813,-1.1,ERDDAP DTM2024 sea cell,-32767.0,1.100000023841858,-1.100000023841858,-1.100000023841858,-1.100000023841858,-0.9988384289365746,-1.1,-1.1,0.0,1.0,15083.0,False
465.0,0.0021585161900996397,52.4834435,-4.0581845,35984,30664,52.483854,-4.057813,-1.1,ERDDAP DTM2024 sea cell,-32767.0,1.100000023841858,-1.100000023841858,-1.100000023841858,-1.100000023841858,-1.0533192133733484,-1.1,-1.1,0.0,1.0,15083.0,False
470.0,0.0021585161900996397,52.4834431,-4.0582581,35984,30664,52.483854,-4.057813,-1.1,ERDDAP DTM2024 sea cell,-32767.0,1.100000023841858,-1.100000023841858,-1.100000023841858,-1.100000023841858,-1.1077139190241432,-1.1,-1.1,0.0,1.0,15083.0,False
475.0,0.0021585161900996397,52.4834428,-4.0583317,35984,30664,52.483854,-4.057813,-1.1,ERDDAP DTM2024 sea cell,-32767.0,1.100000023841858,-1.100000023841858,-1.100000023841858,-1.100000023841858,-1.1621867673838882,-1.1,-1.1,0.0,1.0,15083.0,False
480.0,0.0021585161900996397,52.4834424,-4.0584053,35984,30663,52.483854,-4.058854,-1.91,ERDDAP DTM2024 sea cell,-32767.0,1.850000023841858,-1.909999966621399,-1.909999966621399,-1.909999966621399,-1.2165723160227837,-1.91,-1.91,0.0,1.0,15083.0,False
485.0,0.0021585161900996397,52.4834421,-4.0584789,35984,30663,52.483854,-4.058854,-1.91,ERDDAP DTM2024 sea cell,-32767.0,1.850000023841858,-1.909999966621399,-1.909999966621399,-1.909999966621399,-1.2710372283054996,-1.91,-1.91,0.0,1.0,15083.0,False
490.0,0.0021585161900996397,52.4834418,-4.0585525,35984,30663,52.483854,-4.058854,-1.91,ERDDAP DTM2024 sea cell,-32767.0,1.850000023841858,-1.909999966621399,-1.909999966621399,-1.909999966621399,-1.3254984777898504,-1.91,-1.91,0.0,1.0,15083.0,False
495.0,0.0021585161900996397,52.4834414,-4.0586261,35984,30663,52.483854,-4.058854,-1.91,ERDDAP DTM2024 sea cell,-32767.0,1.850000023841858,-1.909999966621399,-1.909999966621399,-1.909999966621399,-1.3798705961446605,-1.91,-1.91,0.0,1.0,15083.0,False
500.0,0.0021585161900996397,52.4834411,-4.0586997,35984,30663,52.483854,-4.058854,-1.91,ERDDAP DTM2024 sea cell,-32767.0,1.850000023841858,-1.909999966621399,-1.909999966621399,-1.909999966621399,-1.4343239095455975,-1.91,-1.91,0.0,1.0,15083.0,False
505.0,0.0021585161900996397,52.4834407,-4.0587733,35984,30663,52.483854,-4.058854,-1.91,ERDDAP DTM2024 sea cell,-32767.0,1.850000023841858,-1.909999966621399,-1.909999966621399,-1.909999966621399,-1.4886868708950787,-1.91,-1.91,0.0,1.0,15083.0,False
510.0,0.0021585161900996397,52.4834404,-4.0588469,35984,30663,52.483854,-4.058854,-1.91,ERDDAP DTM2024 sea cell,-32767.0,1.850000023841858,-1.909999966621399,-1.909999966621399,-1.909999966621399,-1.5431322482190326,-1.91,-1.91,0.0,1.0,15083.0,False
515.0,0.0021585161900996397,52.48344,-4.0589205,35984,30663,52.483854,-4.058854,-1.91,ERDDAP DTM2024 sea cell,-32767.0,1.850000023841858,-1.909999966621399,-1.909999966621399,-1.909999966621399,-1.600148388778582,-1.91,-1.91,0.0,1.0,15083.0,False
520.0,0.0021585161900996397,52.4834397,-4.0589941,35984,30663,52.483854,-4.058854,-1.91,ERDDAP DTM2024 sea cell,-32767.0,1.850000023841858,-1.909999966621399,-1.909999966621399,-1.909999966621399,-1.6575429142625597,-1.91,-1.91,0.0,1.0,15083.0,False
525.0,0.0021585161900996397,52.4834394,-4.0590677,35984,30663,52.483854,-4.058854,-1.91,ERDDAP DTM2024 sea cell,-32767.0,1.850000023841858,-1.909999966621399,-1.909999966621399,-1.909999966621399,-1.714937032770146,-1.91,-1.91,0.0,1.0,15083.0,False
530.0,0.0021585161900996397,52.483439,-4.0591413,35984,30663,52.483854,-4.058854,-1.91,ERDDAP DTM2024 sea cell,-32767.0,1.850000023841858,-1.909999966621399,-1.909999966621399,-1.909999966621399,-1.7722431196631967,-1.91,-1.91,0.0,1.0,15083.0,False
535.0,0.0021585161900996397,52.4834387,-4.0592149,35984,30663,52.483854,-4.058854,-1.91,ERDDAP DTM2024 sea cell,-32767.0,1.850000023841858,-1.909999966621399,-1.909999966621399,-1.909999966621399,-1.8296363563742373,-1.91,-1.91,0.0,1.0,15083.0,False
540.0,0.0021585161900996397,52.4834383,-4.0592885,35984,30663,52.483854,-4.058854,-1.91,ERDDAP DTM2024 sea cell,-32767.0,1.850000023841858,-1.909999966621399,-1.909999966621399,-1.909999966621399,-1.886941425819339,-1.91,-1.91,0.0,1.0,15083.0,False
545.0,0.0021585161900996397,52.483438,-4.0593621,35984,30663,52.483854,-4.058854,-1.91,ERDDAP DTM2024 sea cell,-32767.0,1.850000023841858,-1.909999966621399,-1.909999966621399,-1.909999966621399,-1.9443337807271819,-1.91,-1.91,0.0,1.0,15083.0,False
550.0,0.0021585161900996397,52.4834376,-4.0594357,35984,30662,52.483854,-4.059896,-2.73,ERDDAP DTM2024 sea cell,0.10000000149011612,2.700000047683716,-2.7300000190734863,-2.7300000190734863,-2.7300000190734863,-2.0016378327117565,-2.73,-2.73,0.0,1.0,15083.0,False
555.0,0.0021585161900996397,52.4834373,-4.0595093,35984,30662,52.483854,-4.059896,-2.73,ERDDAP DTM2024 sea cell,0.10000000149011612,2.700000047683716,-2.7300000190734863,-2.7300000190734863,-2.7300000190734863,-2.059029305823043,-2.73,-2.73,0.0,1.0,15083.0,False
560.0,0.0021585161900996397,52.483437,-4.0595829,35984,30662,52.483854,-4.059896,-2.73,ERDDAP DTM2024 sea cell,0.10000000149011612,2.700000047683716,-2.7300000190734863,-2.7300000190734863,-2.7300000190734863,-2.1164203719550057,-2.73,-2.73,0.0,1.0,15083.0,False
565.0,0.0021585161900996397,52.4834366,-4.0596564,35984,30662,52.483854,-4.059896,-2.73,ERDDAP DTM2024 sea cell,0.10000000149011612,2.700000047683716,-2.7300000190734863,-2.7300000190734863,-2.7300000190734863,-2.173644596493613,-2.73,-2.73,0.0,1.0,15083.0,False
570.0,0.0021585161900996397,52.4834363,-4.05973,35984,30662,52.483854,-4.059896,-2.73,ERDDAP DTM2024 sea cell,0.10000000149011612,2.700000047683716,-2.7300000190734863,-2.7300000190734863,-2.7300000190734863,-2.2310347811084807,-2.73,-2.73,0.0,1.0,15083.0,False
575.0,0.0021585161900996397,52.4834359,-4.0598036,35984,30662,52.483854,-4.059896,-2.73,ERDDAP DTM2024 sea cell,0.10000000149011612,2.700000047683716,-2.7300000190734863,-2.7300000190734863,-2.7300000190734863,-2.2883363237330587,-2.73,-2.73,0.0,1.0,15083.0,False
580.0,0.0021585161900996397,52.4834356,-4.0598772,35984,30662,52.483854,-4.059896,-2.73,ERDDAP DTM2024 sea cell,0.10000000149011612,2.700000047683716,-2.7300000190734863,-2.7300000190734863,-2.7300000190734863,-2.345725626541725,-2.73,-2.73,0.0,1.0,15083.0,False
585.0,0.0021585161900996397,52.4834353,-4.0599508,35984,30662,52.483854,-4.059896,-2.73,ERDDAP DTM2024 sea cell,0.10000000149011612,2.700000047683716,-2.7300000190734863,-2.7300000190734863,-2.7300000190734863,-2.394786090711663,-2.73,-2.73,0.0,1.0,15083.0,False
590.0,0.0021585161900996397,52.4834349,-4.0600244,35984,30662,52.483854,-4.059896,-2.73,ERDDAP DTM2024 sea cell,0.10000000149011612,2.700000047683716,-2.7300000190734863,-2.7300000190734863,-2.7300000190734863,-2.4409382182312855,-2.73,-2.73,0.0,1.0,15083.0,False
595.0,0.0021585161900996397,52.4834346,-4.060098,35984,30662,52.483854,-4.059896,-2.73,ERDDAP DTM2024 sea cell,0.10000000149011612,2.700000047683716,-2.7300000190734863,-2.7300000190734863,-2.7300000190734863,-2.487181160013982,-2.73,-2.73,0.0,1.0,15083.0,False
600.0,0.0021585161900996397,52.4834342,-4.0601716,35984,30662,52.483854,-4.059896,-2.73,ERDDAP DTM2024 sea cell,0.10000000149011612,2.700000047683716,-2.7300000190734863,-2.7300000190734863,-2.7300000190734863,-2.533340409666881,-2.73,-2.73,0.0,1.0,15083.0,False
605.0,0.0021585161900996397,52.4834339,-4.0602452,35984,30662,52.483854,-4.059896,-2.73,ERDDAP DTM2024 sea cell,0.10000000149011612,2.700000047683716,-2.7300000190734863,-2.7300000190734863,-2.7300000190734863,-2.5795895239728415,-2.73,-2.73,0.0,1.0,15083.0,False
610.0,0.0021585161900996397,52.4834335,-4.0603188,35984,30662,52.483854,-4.059896,-2.73,ERDDAP DTM2024 sea cell,0.10000000149011612,2.700000047683716,-2.7300000190734863,-2.7300000190734863,-2.7300000190734863,-2.6257558957680778,-2.73,-2.73,0.0,1.0,15083.0,False
615.0,0.0021585161900996397,52.4834332,-4.0603924,35984,30662,52.483854,-4.059896,-2.73,ERDDAP DTM2024 sea cell,0.10000000149011612,2.700000047683716,-2.7300000190734863,-2.7300000190734863,-2.7300000190734863,-2.6720111825949067,-2.73,-2.73,0.0,1.0,15083.0,False
620.0,0.0021585161900996397,52.4834329,-4.060466,35984,30661,52.483854,-4.060938,-3.36,ERDDAP DTM2024 sea cell,0.20000000298023224,3.299999952316284,-3.359999895095825,-3.359999895095825,-3.359999895095825,-2.7182693182745785,-3.36,-3.36,0.0,1.0,15083.0,False
625.0,0.0021585161900996397,52.4834325,-4.0605396,35984,30661,52.483854,-4.060938,-3.36,ERDDAP DTM2024 sea cell,0.20000000298023224,3.299999952316284,-3.359999895095825,-3.359999895095825,-3.359999895095825,-2.7644461358873627,-3.36,-3.36,0.0,1.0,15083.0,False
630.0,0.0021585161900996397,52.4834322,-4.0606132,35984,30661,52.483854,-4.060938,-3.36,ERDDAP DTM2024 sea cell,0.20000000298023224,3.299999952316284,-3.359999895095825,-3.359999895095825,-3.359999895095825,-2.810710444096713,-3.36,-3.36,0.0,1.0,15083.0,False
635.0,0.0021585161900996397,52.4834318,-4.0606868,35984,30661,52.483854,-4.060938,-3.36,ERDDAP DTM2024 sea cell,0.20000000298023224,3.299999952316284,-3.359999895095825,-3.359999895095825,-3.359999895095825,-2.8568943838493315,-3.36,-3.36,0.0,1.0,15083.0,False
640.0,0.0021585161900996397,52.4834315,-4.0607604,35984,30661,52.483854,-4.060938,-3.36,ERDDAP DTM2024 sea cell,0.20000000298023224,3.299999952316284,-3.359999895095825,-3.359999895095825,-3.359999895095825,-2.903164864575638,-3.36,-3.36,0.0,1.0,15083.0,False
645.0,0.0021585161900996397,52.4834311,-4.060834,35984,30661,52.483854,-4.060938,-3.36,ERDDAP DTM2024 sea cell,0.20000000298023224,3.299999952316284,-3.359999895095825,-3.359999895095825,-3.359999895095825,-2.9493559264705222,-3.36,-3.36,0.0,1.0,15083.0,False
650.0,0.0021585161900996397,52.4834308,-4.0609076,35984,30661,52.483854,-4.060938,-3.36,ERDDAP DTM2024 sea cell,0.20000000298023224,3.299999952316284,-3.359999895095825,-3.359999895095825,-3.359999895095825,-2.995632579726363,-3.36,-3.36,0.0,1.0,15083.0,False
