ki,kj,lat,lon,x_m,y_m,erddap_elev,wcs_2016,wcs_2018,wcs_2020,wcs_2022,wcs_2024,wcs_2018_signflipped
35980,30657,52.4796875,-4.065104166666668,-414.3,938.3,-3.14,,,,,,
35980,30658,52.4796875,-4.064062499999999,-414.9,867.5,-2.52,,2.549999952316284,-2.5199999809265137,-2.5199999809265137,-2.5199999809265137,-2.549999952316284
35980,30659,52.4796875,-4.063020833333333,-415.4,796.8,-1.77,,1.7000000476837158,-1.7699999809265137,-1.7699999809265137,-1.7699999809265137,-1.7000000476837158
35980,30660,52.4796875,-4.061979166666667,-416.0,726.0,-1.02,,1.0499999523162842,-1.0199999809265137,-1.0199999809265137,-1.0199999809265137,-1.0499999523162842
35980,30661,52.4796875,-4.060937500000001,-416.5,655.2,-0.96875,,0.75,-0.6953125,-0.6953125,-0.96875,-0.75
35980,30662,52.4796875,-4.059895833333332,-417.1,584.4,0.09375,,0.6100000143051147,-0.1875,-0.1875,0.09375,-0.6100000143051147
35980,30663,52.4796875,-4.058854166666666,-417.6,513.7,0.0,,0.5299999713897705,0.0,0.0,0.0,-0.5299999713897705
35980,30664,52.4796875,-4.057812500000001,-418.1,442.9,5.413788,,-1.5199999809265137,0.0,0.0,5.413787841796875,1.5199999809265137
35980,30665,52.4796875,-4.056770833333335,-418.7,372.1,0.0,,-7.679999828338623,0.0,0.0,0.0,7.679999828338623
35980,30666,52.4796875,-4.055729166666666,-419.2,301.4,5.414139,,-9.93000030517578,0.0,0.0,5.4141387939453125,9.93000030517578
35980,30667,52.4796875,-4.0546875,-419.7,230.6,5.4142337,,-11.050000190734863,0.0,0.0,5.414233684539795,11.050000190734863
35980,30668,52.4796875,-4.053645833333334,-420.3,159.8,5.4142914,,-11.800000190734863,0.0,0.0,5.4142913818359375,11.800000190734863
35980,30669,52.4796875,-4.052604166666665,-420.8,89.0,5.414317,,-8.470000267028809,0.0,0.0,5.4143171310424805,8.470000267028809
35980,30670,52.4796875,-4.051562499999999,-421.3,18.3,,,-4.0,10.111983299255373,10.111983299255373,9.984915733337402,4.0
35980,30671,52.4796875,-4.050520833333334,-421.9,-52.5,,,-5.5,7.114069938659668,7.114069938659668,7.170641899108887,5.5
35980,30672,52.4796875,-4.049479166666668,-422.4,-123.3,,,-2.75,2.894580841064453,2.894580841064453,2.948749542236328,2.75
35980,30673,52.4796875,-4.048437499999999,-422.9,-194.0,,,-2.0,2.925789833068848,2.925789833068848,2.970841407775879,2.0
35980,30674,52.4796875,-4.047395833333333,-423.5,-264.8,,,-2.0,2.409780502319336,2.409780502319336,2.5441341400146484,2.0
35980,30675,52.4796875,-4.046354166666667,-424.0,-335.6,,,-2.180000066757202,4.866097450256348,4.866097450256348,4.844391822814941,2.180000066757202
35981,30657,52.48072916666667,-4.065104166666668,-298.4,937.4,-3.68,,,,,,
35981,30658,52.48072916666667,-4.064062499999999,-299.0,866.6,-3.22,,3.150000095367432,-3.220000028610229,-3.220000028610229,-3.220000028610229,-3.150000095367432
35981,30659,52.48072916666667,-4.063020833333333,-299.5,795.9,-2.41,,2.299999952316284,-2.4100000858306885,-2.4100000858306885,-2.4100000858306885,-2.299999952316284
35981,30660,52.48072916666667,-4.061979166666667,-300.1,725.1,-1.59,,1.5499999523162842,-1.590000033378601,-1.590000033378601,-1.590000033378601,-1.5499999523162842
35981,30661,52.48072916666667,-4.060937500000001,-300.6,654.3,-0.77,,0.8500000238418579,-0.7699999809265137,-0.7699999809265137,-0.7699999809265137,-0.8500000238418579
35981,30662,52.48072916666667,-4.059895833333332,-301.1,583.6,-1.3515625,,0.449999988079071,-0.66796875,-0.66796875,-1.3515625,-0.449999988079071
35981,30663,52.48072916666667,-4.058854166666666,-301.7,512.8,0.171875,,0.4300000071525574,-0.2890625,-0.2890625,0.171875,-0.4300000071525574
35981,30664,52.48072916666667,-4.057812500000001,-302.2,442.0,3.0742188,,0.3899999856948852,-0.1171875,-0.1171875,3.07421875,-0.3899999856948852
35981,30665,52.48072916666667,-4.056770833333335,-302.8,371.3,0.83984375,,-1.1799999475479126,-0.12109375,-0.12109375,0.83984375,1.1799999475479126
35981,30666,52.48072916666667,-4.055729166666666,-303.3,300.5,3.3984375,,-3.569999933242798,-0.0859375,-0.0859375,3.3984375,3.569999933242798
35981,30667,52.48072916666667,-4.0546875,-303.8,229.7,4.9765625,,-4.909999847412109,-0.01953125,-0.01953125,4.9765625,4.909999847412109
35981,30668,52.48072916666667,-4.053645833333334,-304.4,158.9,5.0546875,,-6.079999923706055,-0.015625,-0.015625,5.0546875,6.079999923706055
35981,30669,52.48072916666667,-4.052604166666665,-304.9,88.2,5.414333,,-6.329999923706055,0.0,0.0,5.414332866668701,6.329999923706055
35981,30670,52.48072916666667,-4.051562499999999,-305.4,17.4,,,-4.139999866485596,4.161913871765137,4.161913871765137,4.292704582214356,4.139999866485596
35981,30671,52.48072916666667,-4.050520833333334,-306.0,-53.4,,,-3.869999885559082,3.2756261825561523,3.2756261825561523,3.3613576889038086,3.869999885559082
35981,30672,52.48072916666667,-4.049479166666668,-306.5,-124.1,,,-3.0,1.8039588928222656,1.8039588928222656,1.841815948486328,3.0
35981,30673,52.48072916666667,-4.048437499999999,-307.0,-194.9,,,-2.369999885559082,1.9168739318847656,1.9168739318847656,1.9713478088378904,2.369999885559082
35981,30674,52.48072916666667,-4.047395833333333,-307.5,-265.7,,,-2.25,1.969979286193848,1.969979286193848,1.993210792541504,2.25
35981,30675,52.48072916666667,-4.046354166666667,-308.1,-336.4,,,-3.619999885559082,2.5737123489379883,2.5737123489379883,2.7341508865356445,3.619999885559082
35982,30657,52.481770833333336,-4.065104166666668,-182.5,936.5,-4.23,,,,,,
35982,30658,52.481770833333336,-4.064062499999999,-183.1,865.7,-3.79,,3.799999952316284,-3.7899999618530273,-3.7899999618530273,-3.7899999618530273,-3.799999952316284
35982,30659,52.481770833333336,-4.063020833333333,-183.6,795.0,-3.17,,3.0999999046325684,-3.1700000762939453,-3.1700000762939453,-3.1700000762939453,-3.0999999046325684
35982,30660,52.481770833333336,-4.061979166666667,-184.2,724.2,-2.35,,2.3499999046325684,-2.3499999046325684,-2.3499999046325684,-2.3499999046325684,-2.3499999046325684
35982,30661,52.481770833333336,-4.060937500000001,-184.7,653.4,-1.62,,1.649999976158142,-1.6200000047683716,-1.6200000047683716,-1.6200000047683716,-1.649999976158142
35982,30662,52.481770833333336,-4.059895833333332,-185.2,582.7,-0.9,,0.8999999761581421,-0.8999999761581421,-0.8999999761581421,-0.8999999761581421,-0.8999999761581421
35982,30663,52.481770833333336,-4.058854166666666,-185.8,511.9,-0.82421875,,0.4000000059604645,-0.75390625,-0.75390625,-0.82421875,-0.4000000059604645
35982,30664,52.481770833333336,-4.057812500000001,-186.3,441.1,-0.29296875,,0.3799999952316284,-0.27734375,-0.27734375,-0.29296875,-0.3799999952316284
35982,30665,52.481770833333336,-4.056770833333335,-186.8,370.4,-0.29,,0.2899999916553497,-0.2899999916553497,-0.2899999916553497,-0.2899999916553497,-0.2899999916553497
35982,30666,52.481770833333336,-4.055729166666666,-187.4,299.6,1.2890625,,-0.2199999988079071,-0.21875,-0.21875,1.2890625,0.2199999988079071
35982,30667,52.481770833333336,-4.0546875,-187.9,228.8,2.8085938,,-1.4600000381469729,-0.125,-0.125,2.80859375,1.4600000381469729
35982,30668,52.481770833333336,-4.053645833333334,-188.5,158.1,4.8710938,,-2.509999990463257,-0.03515625,-0.03515625,4.87109375,2.509999990463257
35982,30669,52.481770833333336,-4.052604166666665,-189.0,87.3,5.414358,,-3.369999885559082,0.0,0.0,5.414358139038086,3.369999885559082
35982,30670,52.481770833333336,-4.051562499999999,-189.5,16.5,,,-3.009999990463257,2.992856979370117,2.992856979370117,3.0348339080810547,3.009999990463257
35982,30671,52.481770833333336,-4.050520833333334,-190.0,-54.2,,,-3.0,4.002817153930664,4.002817153930664,4.059259414672852,3.0
35982,30672,52.481770833333336,-4.049479166666668,-190.6,-125.0,,,-3.25,3.442757606506348,3.442757606506348,3.4626169204711914,3.25
35982,30673,52.481770833333336,-4.048437499999999,-191.1,-195.8,,,-2.75,2.0601587295532227,2.0601587295532227,2.0309457778930664,2.75
35982,30674,52.481770833333336,-4.047395833333333,-191.6,-266.5,,,-2.5,3.293705940246582,3.293705940246582,3.269406318664551,2.5
35982,30675,52.481770833333336,-4.046354166666667,-192.2,-337.3,,,-4.5,5.57977294921875,5.57977294921875,5.61224365234375,4.5
35983,30657,52.4828125,-4.065104166666668,-66.6,935.6,-4.65,,,,,,
35983,30658,52.4828125,-4.064062499999999,-67.2,864.9,-4.33,2.5999999046325684,4.300000190734863,-4.329999923706055,-4.329999923706055,-4.329999923706055,-4.300000190734863
35983,30659,52.4828125,-4.063020833333333,-67.7,794.1,-3.89,1.0,3.849999904632568,-3.890000104904175,-3.890000104904175,-3.890000104904175,-3.849999904632568
35983,30660,52.4828125,-4.061979166666667,-68.2,723.3,-3.15,0.9300000071525574,3.200000047683716,-3.150000095367432,-3.150000095367432,-3.150000095367432,-3.200000047683716
35983,30661,52.4828125,-4.060937500000001,-68.8,652.6,-2.51,0.4799999892711639,2.5999999046325684,-2.509999990463257,-2.509999990463257,-2.509999990463257,-2.5999999046325684
35983,30662,52.4828125,-4.059895833333332,-69.3,581.8,-1.81,-32767.0,1.850000023841858,-1.809999942779541,-1.809999942779541,-1.809999942779541,-1.850000023841858
35983,30663,52.4828125,-4.058854166666666,-69.9,511.0,-1.0,-32767.0,1.0,-1.0,-1.0,-1.0,-1.0
35983,30664,52.4828125,-4.057812500000001,-70.4,440.3,-0.28,-32767.0,0.449999988079071,-0.2800000011920929,-0.2800000011920929,-0.2800000011920929,-0.449999988079071
35983,30665,52.4828125,-4.056770833333335,-70.9,369.5,-0.1171875,-32767.0,0.1500000059604644,-0.3203125,-0.3203125,-0.1171875,-0.1500000059604644
35983,30666,52.4828125,-4.055729166666666,-71.5,298.7,-0.12890625,-32767.0,0.0900000035762786,-0.3359375,-0.3359375,-0.12890625,-0.0900000035762786
35983,30667,52.4828125,-4.0546875,-72.0,228.0,0.97265625,,-0.050000000745058,-0.234375,-0.234375,0.97265625,0.050000000745058
35983,30668,52.4828125,-4.053645833333334,-72.5,157.2,4.1757812,,-1.1100000143051147,-0.078125,-0.078125,4.17578125,1.1100000143051147
35983,30669,52.4828125,-4.052604166666665,-73.1,86.4,5.4143906,,-2.119999885559082,0.0,0.0,5.414390563964844,2.119999885559082
35983,30670,52.4828125,-4.051562499999999,-73.6,15.7,,,-2.5,2.8681640625,2.8681640625,2.8154296875,2.5
35983,30671,52.4828125,-4.050520833333334,-74.1,-55.1,,,-4.75,3.400261878967285,3.400261878967285,3.400071144104004,4.75
35983,30672,52.4828125,-4.049479166666668,-74.7,-125.9,,,-3.0,2.9848508834838867,2.9848508834838867,3.0055646896362305,3.0
35983,30673,52.4828125,-4.048437499999999,-75.2,-196.6,,,-2.75,2.046139717102051,2.046139717102051,2.015324592590332,2.75
35983,30674,52.4828125,-4.047395833333333,-75.7,-267.4,,,-2.0,2.794891357421875,2.794891357421875,2.789169311523437,2.0
35983,30675,52.4828125,-4.046354166666667,-76.2,-338.2,,,-4.25,5.442567825317383,5.442567825317383,5.459657669067383,4.25
35984,30657,52.48385416666667,-4.065104166666668,49.3,934.7,-4.68,,,,,,
35984,30658,52.48385416666667,-4.064062499999999,48.8,864.0,-4.4,3.799999952316284,4.400000095367432,-4.400000095367432,-4.400000095367432,-4.400000095367432,-4.400000095367432
35984,30659,52.48385416666667,-4.063020833333333,48.2,793.2,-4.13,2.400000095367432,4.050000190734863,-4.130000114440918,-4.130000114440918,-4.130000114440918,-4.050000190734863
35984,30660,52.48385416666667,-4.061979166666667,47.7,722.4,-3.72,0.800000011920929,3.700000047683716,-3.7200000286102295,-3.7200000286102295,-3.7200000286102295,-3.700000047683716
35984,30661,52.48385416666667,-4.060937500000001,47.1,651.7,-3.36,0.2000000029802322,3.299999952316284,-3.359999895095825,-3.359999895095825,-3.359999895095825,-3.299999952316284
35984,30662,52.48385416666667,-4.059895833333332,46.6,580.9,-2.73,0.1000000014901161,2.700000047683716,-2.7300000190734863,-2.7300000190734863,-2.7300000190734863,-2.700000047683716
35984,30663,52.48385416666667,-4.058854166666666,46.0,510.1,-1.91,-32767.0,1.850000023841858,-1.909999966621399,-1.909999966621399,-1.909999966621399,-1.850000023841858
35984,30664,52.48385416666667,-4.057812500000001,45.5,439.4,-1.1,-32767.0,1.100000023841858,-1.100000023841858,-1.100000023841858,-1.100000023841858,-1.100000023841858
35984,30665,52.48385416666667,-4.056770833333335,45.0,368.6,-0.4,-32767.0,0.5,-0.4000000059604645,-0.4000000059604645,-0.4000000059604645,-0.5
35984,30666,52.48385416666667,-4.055729166666666,44.4,297.9,-0.1796875,-32767.0,0.050000000745058,-0.38671875,-0.38671875,-0.1796875,-0.050000000745058
35984,30667,52.48385416666667,-4.0546875,43.9,227.1,-0.34,,0.3400000035762787,-0.3400000035762787,-0.3400000035762787,-0.3400000035762787,-0.3400000035762787
35984,30668,52.48385416666667,-4.053645833333334,43.4,156.3,2.703125,,-0.4000000059604645,-0.12890625,-0.12890625,2.703125,0.4000000059604645
35984,30669,52.48385416666667,-4.052604166666665,42.8,85.6,5.414427,,-1.7400000095367432,0.0,0.0,5.414426803588867,1.7400000095367432
35984,30670,52.48385416666667,-4.051562499999999,42.3,14.8,,,-2.25,4.500487327575684,4.500487327575684,4.45999813079834,2.25
35984,30671,52.48385416666667,-4.050520833333334,41.8,-56.0,,,-5.25,5.177233695983887,5.177233695983887,5.246775627136231,5.25
35984,30672,52.48385416666667,-4.049479166666668,41.2,-126.7,,,-3.75,3.16904354095459,3.16904354095459,3.190443992614746,3.75
35984,30673,52.48385416666667,-4.048437499999999,40.7,-197.5,,,-3.059999942779541,2.582667350769043,2.582667350769043,2.578555107116699,3.059999942779541
35984,30674,52.48385416666667,-4.047395833333333,40.2,-268.3,,,-3.619999885559082,3.51248836517334,3.51248836517334,3.507491111755371,3.619999885559082
35984,30675,52.48385416666667,-4.046354166666667,39.7,-339.0,,,-5.119999885559082,6.000805854797363,6.000805854797363,6.068364143371582,5.119999885559082
35985,30657,52.48489583333333,-4.065104166666668,165.2,933.8,-4.71,,,,,,
35985,30658,52.48489583333333,-4.064062499999999,164.7,863.1,-4.43,4.400000095367432,4.400000095367432,-4.429999828338623,-4.429999828338623,-4.429999828338623,-4.400000095367432
35985,30659,52.48489583333333,-4.063020833333333,164.1,792.3,-3.98,3.799999952316284,3.950000047683716,-3.9800000190734863,-3.9800000190734863,-3.9800000190734863,-3.950000047683716
35985,30660,52.48489583333333,-4.061979166666667,163.6,721.5,-3.59,2.799999952316284,3.5999999046325684,-3.5899999141693115,-3.5899999141693115,-3.5899999141693115,-3.5999999046325684
35985,30661,52.48489583333333,-4.060937500000001,163.0,650.8,-3.23,1.2000000476837158,3.25,-3.2300000190734863,-3.2300000190734863,-3.2300000190734863,-3.25
35985,30662,52.48489583333333,-4.059895833333332,162.5,580.0,-2.86,0.4000000059604645,2.8499999046325684,-2.859999895095825,-2.859999895095825,-2.859999895095825,-2.8499999046325684
35985,30663,52.48489583333333,-4.058854166666666,162.0,509.3,-2.21,-32767.0,2.150000095367432,-2.2100000381469727,-2.2100000381469727,-2.2100000381469727,-2.150000095367432
35985,30664,52.48489583333333,-4.057812500000001,161.4,438.5,-1.55,-32767.0,1.5499999523162842,-1.5499999523162842,-1.5499999523162842,-1.5499999523162842,-1.5499999523162842
35985,30665,52.48489583333333,-4.056770833333335,160.9,367.7,-1.01,-32767.0,1.0,-1.0099999904632568,-1.0099999904632568,-1.0099999904632568,-1.0
35985,30666,52.48489583333333,-4.055729166666666,160.3,297.0,-0.48,-32767.0,0.4000000059604645,-0.4799999892711639,-0.4799999892711639,-0.4799999892711639,-0.4000000059604645
35985,30667,52.48489583333333,-4.0546875,159.8,226.2,0.05,,-0.050000000745058,0.050000000745058,0.050000000745058,0.050000000745058,0.050000000745058
35985,30668,52.48489583333333,-4.053645833333334,159.3,155.5,2.7578125,,-0.4900000095367431,0.00390625,0.00390625,2.7578125,0.4900000095367431
35985,30669,52.48489583333333,-4.052604166666665,158.7,84.7,5.414467,,-1.559999942779541,0.0,0.0,5.414466857910156,1.559999942779541
35985,30670,52.48489583333333,-4.051562499999999,158.2,13.9,,,-1.75,3.481691360473633,3.481691360473633,3.4123706817626958,1.75
35985,30671,52.48489583333333,-4.050520833333334,157.7,-56.8,,,-4.5,4.520547866821289,4.520547866821289,4.529642105102539,4.5
35985,30672,52.48489583333333,-4.049479166666668,157.2,-127.6,,,-3.5,2.888224601745605,2.888224601745605,2.885073661804199,3.5
35985,30673,52.48489583333333,-4.048437499999999,156.6,-198.4,,,-2.619999885559082,3.8678770065307617,3.8678770065307617,3.9350080490112314,2.619999885559082
35985,30674,52.48489583333333,-4.047395833333333,156.1,-269.1,,,-3.25,4.121085166931152,4.121085166931152,4.084074974060059,3.25
35985,30675,52.48489583333333,-4.046354166666667,155.6,-339.9,,,-3.5,3.87869930267334,3.87869930267334,3.836592674255371,3.5
35986,30657,52.4859375,-4.065104166666668,281.1,932.9,-4.73,,,,,,
35986,30658,52.4859375,-4.064062499999999,280.6,862.2,-4.32,4.400000095367432,4.300000190734863,-4.320000171661377,-4.320000171661377,-4.320000171661377,-4.300000190734863
35986,30659,52.4859375,-4.063020833333333,280.0,791.4,-3.84,3.400000095367432,3.799999952316284,-3.839999914169312,-3.839999914169312,-3.839999914169312,-3.799999952316284
35986,30660,52.4859375,-4.061979166666667,279.5,720.7,-3.46,2.799999952316284,3.450000047683716,-3.4600000381469727,-3.4600000381469727,-3.4600000381469727,-3.450000047683716
35986,30661,52.4859375,-4.060937500000001,278.9,649.9,-3.14,1.600000023841858,3.150000095367432,-3.140000104904175,-3.140000104904175,-3.140000104904175,-3.150000095367432
35986,30662,52.4859375,-4.059895833333332,278.4,579.1,-2.75,0.4000000059604645,2.75,-2.75,-2.75,-2.75,-2.75
35986,30663,52.4859375,-4.058854166666666,277.9,508.4,-2.1,-32767.0,2.049999952316284,-2.0999999046325684,-2.0999999046325684,-2.0999999046325684,-2.049999952316284
35986,30664,52.4859375,-4.057812500000001,277.3,437.6,-1.55,-32767.0,1.5499999523162842,-1.5499999523162842,-1.5499999523162842,-1.5499999523162842,-1.5499999523162842
35986,30665,52.4859375,-4.056770833333335,276.8,366.9,-1.03,-32767.0,1.0499999523162842,-1.0299999713897705,-1.0299999713897705,-1.0299999713897705,-1.0499999523162842
35986,30666,52.4859375,-4.055729166666666,276.3,296.1,-0.49,-32767.0,0.5,-0.4900000095367431,-0.4900000095367431,-0.4900000095367431,-0.5
35986,30667,52.4859375,-4.0546875,275.7,225.3,-0.05,,0.050000000745058,-0.050000000745058,-0.050000000745058,-0.050000000745058,-0.050000000745058
35986,30668,52.4859375,-4.053645833333334,275.2,154.6,2.6601562,,-0.4900000095367431,-0.0546875,-0.0546875,2.66015625,0.4900000095367431
35986,30669,52.4859375,-4.052604166666665,274.7,83.8,5.414506,,-1.7100000381469729,0.0,0.0,5.414505958557129,1.7100000381469729
35986,30670,52.4859375,-4.051562499999999,274.1,13.1,,,-2.0,3.268678665161133,3.268678665161133,3.2540454864501958,2.0
35986,30671,52.4859375,-4.050520833333334,273.6,-57.7,,,-4.5,4.875090599060059,4.875090599060059,4.904120445251465,4.5
35986,30672,52.4859375,-4.049479166666668,273.1,-128.5,,,-4.0,2.7732973098754883,2.7732973098754883,2.707341194152832,4.0
35986,30673,52.4859375,-4.048437499999999,272.5,-199.2,,,-2.559999942779541,1.873939514160156,1.873939514160156,1.851722717285156,2.559999942779541
35986,30674,52.4859375,-4.047395833333333,272.0,-270.0,,,-2.5,2.9971628189086914,2.9971628189086914,3.0009546279907227,2.5
35986,30675,52.4859375,-4.046354166666667,271.5,-340.7,,,-3.0,3.3627872467041016,3.3627872467041016,3.347101211547852,3.0
35987,30657,52.48697916666666,-4.065104166666668,397.0,932.1,-4.66,,,,,,
35987,30658,52.48697916666666,-4.064062499999999,396.5,861.3,-4.18,,,,,,
35987,30659,52.48697916666666,-4.063020833333333,395.9,790.5,-3.7,,,,,,
35987,30660,52.48697916666666,-4.061979166666667,395.4,719.8,-3.36,,,,,,
35987,30661,52.48697916666666,-4.060937500000001,394.9,649.0,-3.06,,,,,,
35987,30662,52.48697916666666,-4.059895833333332,394.3,578.3,-2.64,,,,,,
35987,30663,52.48697916666666,-4.058854166666666,393.8,507.5,-2.06,,,,,,
35987,30664,52.48697916666666,-4.057812500000001,393.2,436.7,-1.57,,,,,,
35987,30665,52.48697916666666,-4.056770833333335,392.7,366.0,-1.05,,,,,,
35987,30666,52.48697916666666,-4.055729166666666,392.2,295.2,-0.48,,,,,,
35987,30667,52.48697916666666,-4.0546875,391.6,224.5,-0.54,,,,,,
35987,30668,52.48697916666666,-4.053645833333334,391.1,153.7,2.6171875,,,,,,
35987,30669,52.48697916666666,-4.052604166666665,390.6,82.9,5.414544,,,,,,
35987,30670,52.48697916666666,-4.051562499999999,390.0,12.2,,,,,,,
35987,30671,52.48697916666666,-4.050520833333334,389.5,-58.6,,,,,,,
35987,30672,52.48697916666666,-4.049479166666668,389.0,-129.3,,,,,,,
35987,30673,52.48697916666666,-4.048437499999999,388.4,-200.1,,,,,,,
35987,30674,52.48697916666666,-4.047395833333333,387.9,-270.8,,,,,,,
35987,30675,52.48697916666666,-4.046354166666667,387.4,-341.6,,,,,,,
