latitude,longitude,elevation,value_count,cdi_index,interpolation_flag,elevation_min,elevation_max,stdev
52.47968749996762,-4.065104166678713,-3.14,1.0,15083.0,,-3.14,-3.14,0.0
52.47968749996762,-4.064062500012047,-2.52,1.0,15083.0,,-2.52,-2.52,0.0
52.47968749996762,-4.06302083334538,-1.77,1.0,15083.0,,-1.77,-1.77,0.0
52.47968749996762,-4.0619791666787135,-1.02,1.0,15083.0,,-1.02,-1.02,0.0
52.47968749996762,-4.060937500012047,-0.96875,3.0,17267.0,1.0,,,
52.47968749996762,-4.05989583334538,0.09375,3.0,17267.0,1.0,,,
52.47968749996762,-4.058854166678714,0.0,,,,,,
52.47968749996762,-4.057812500012047,5.413788,1.0,22062.0,1.0,,,
52.47968749996762,-4.0567708333453805,0.0,,,,,,
52.47968749996762,-4.055729166678714,5.414139,1.0,22062.0,1.0,,,
52.47968749996762,-4.054687500012047,5.4142337,1.0,22062.0,1.0,,,
52.47968749996762,-4.053645833345381,5.4142914,1.0,22062.0,1.0,,,
52.47968749996762,-4.052604166678714,5.414317,1.0,22062.0,1.0,,,
52.47968749996762,-4.051562500012047,,,,,,,
52.47968749996762,-4.050520833345381,,,,,,,
52.47968749996762,-4.049479166678714,,,,,,,
52.47968749996762,-4.048437500012048,,,,,,,
52.47968749996762,-4.047395833345381,,,,,,,
52.47968749996762,-4.046354166678714,,,,,,,
52.48072916663428,-4.065104166678713,-3.68,1.0,15083.0,,-3.68,-3.68,0.0
52.48072916663428,-4.064062500012047,-3.22,1.0,15083.0,,-3.22,-3.22,0.0
52.48072916663428,-4.06302083334538,-2.41,1.0,15083.0,,-2.41,-2.41,0.0
52.48072916663428,-4.0619791666787135,-1.59,1.0,15083.0,,-1.59,-1.59,0.0
52.48072916663428,-4.060937500012047,-0.77,1.0,15083.0,,-0.77,-0.77,0.0
52.48072916663428,-4.05989583334538,-1.3515625,3.0,17267.0,1.0,,,
52.48072916663428,-4.058854166678714,0.171875,3.0,17267.0,1.0,,,
52.48072916663428,-4.057812500012047,3.0742188,3.0,17267.0,1.0,,,
52.48072916663428,-4.0567708333453805,0.83984375,3.0,17267.0,1.0,,,
52.48072916663428,-4.055729166678714,3.3984375,3.0,17267.0,1.0,,,
52.48072916663428,-4.054687500012047,4.9765625,3.0,17267.0,1.0,,,
52.48072916663428,-4.053645833345381,5.0546875,3.0,17267.0,1.0,,,
52.48072916663428,-4.052604166678714,5.414333,1.0,22062.0,1.0,,,
52.48072916663428,-4.051562500012047,,,,,,,
52.48072916663428,-4.050520833345381,,,,,,,
52.48072916663428,-4.049479166678714,,,,,,,
52.48072916663428,-4.048437500012048,,,,,,,
52.48072916663428,-4.047395833345381,,,,,,,
52.48072916663428,-4.046354166678714,,,,,,,
52.48177083330095,-4.065104166678713,-4.23,1.0,15083.0,,-4.23,-4.23,0.0
52.48177083330095,-4.064062500012047,-3.79,1.0,15083.0,,-3.79,-3.79,0.0
52.48177083330095,-4.06302083334538,-3.17,1.0,15083.0,,-3.17,-3.17,0.0
52.48177083330095,-4.0619791666787135,-2.35,1.0,15083.0,,-2.35,-2.35,0.0
52.48177083330095,-4.060937500012047,-1.62,1.0,15083.0,,-1.62,-1.62,0.0
52.48177083330095,-4.05989583334538,-0.9,1.0,15083.0,,-0.9,-0.9,0.0
52.48177083330095,-4.058854166678714,-0.82421875,3.0,17267.0,1.0,,,
52.48177083330095,-4.057812500012047,-0.29296875,3.0,17267.0,1.0,,,
52.48177083330095,-4.0567708333453805,-0.29,1.0,15083.0,1.0,,,
52.48177083330095,-4.055729166678714,1.2890625,3.0,17267.0,1.0,,,
52.48177083330095,-4.054687500012047,2.8085938,3.0,17267.0,1.0,,,
52.48177083330095,-4.053645833345381,4.8710938,3.0,17267.0,1.0,,,
52.48177083330095,-4.052604166678714,5.414358,1.0,22062.0,1.0,,,
52.48177083330095,-4.051562500012047,,,,,,,
52.48177083330095,-4.050520833345381,,,,,,,
52.48177083330095,-4.049479166678714,,,,,,,
52.48177083330095,-4.048437500012048,,,,,,,
52.48177083330095,-4.047395833345381,,,,,,,
52.48177083330095,-4.046354166678714,,,,,,,
52.482812499967615,-4.065104166678713,-4.65,1.0,15083.0,,-4.65,-4.65,0.0
52.482812499967615,-4.064062500012047,-4.33,1.0,15083.0,,-4.33,-4.33,0.0
52.482812499967615,-4.06302083334538,-3.89,1.0,15083.0,,-3.89,-3.89,0.0
52.482812499967615,-4.0619791666787135,-3.15,1.0,15083.0,,-3.15,-3.15,0.0
52.482812499967615,-4.060937500012047,-2.51,1.0,15083.0,,-2.51,-2.51,0.0
52.482812499967615,-4.05989583334538,-1.81,1.0,15083.0,,-1.81,-1.81,0.0
52.482812499967615,-4.058854166678714,-1.0,1.0,15083.0,,-1.0,-1.0,0.0
52.482812499967615,-4.057812500012047,-0.28,1.0,15083.0,,-0.28,-0.28,0.0
52.482812499967615,-4.0567708333453805,-0.1171875,3.0,17267.0,1.0,,,
52.482812499967615,-4.055729166678714,-0.12890625,3.0,17267.0,1.0,,,
52.482812499967615,-4.054687500012047,0.97265625,3.0,17267.0,1.0,,,
52.482812499967615,-4.053645833345381,4.1757812,3.0,17267.0,1.0,,,
52.482812499967615,-4.052604166678714,5.4143906,1.0,22062.0,1.0,,,
52.482812499967615,-4.051562500012047,,,,,,,
52.482812499967615,-4.050520833345381,,,,,,,
52.482812499967615,-4.049479166678714,,,,,,,
52.482812499967615,-4.048437500012048,,,,,,,
52.482812499967615,-4.047395833345381,,,,,,,
52.482812499967615,-4.046354166678714,,,,,,,
52.48385416663428,-4.065104166678713,-4.68,1.0,15083.0,,-4.68,-4.68,0.0
52.48385416663428,-4.064062500012047,-4.4,1.0,15083.0,,-4.4,-4.4,0.0
52.48385416663428,-4.06302083334538,-4.13,1.0,15083.0,,-4.13,-4.13,0.0
52.48385416663428,-4.0619791666787135,-3.72,1.0,15083.0,,-3.72,-3.72,0.0
52.48385416663428,-4.060937500012047,-3.36,1.0,15083.0,,-3.36,-3.36,0.0
52.48385416663428,-4.05989583334538,-2.73,1.0,15083.0,,-2.73,-2.73,0.0
52.48385416663428,-4.058854166678714,-1.91,1.0,15083.0,,-1.91,-1.91,0.0
52.48385416663428,-4.057812500012047,-1.1,1.0,15083.0,,-1.1,-1.1,0.0
52.48385416663428,-4.0567708333453805,-0.4,1.0,15083.0,,-0.4,-0.4,0.0
52.48385416663428,-4.055729166678714,-0.1796875,3.0,17267.0,1.0,,,
52.48385416663428,-4.054687500012047,-0.34,1.0,15083.0,1.0,,,
52.48385416663428,-4.053645833345381,2.703125,3.0,17267.0,1.0,,,
52.48385416663428,-4.052604166678714,5.414427,1.0,22062.0,1.0,,,
52.48385416663428,-4.051562500012047,,,,,,,
52.48385416663428,-4.050520833345381,,,,,,,
52.48385416663428,-4.049479166678714,,,,,,,
52.48385416663428,-4.048437500012048,,,,,,,
52.48385416663428,-4.047395833345381,,,,,,,
52.48385416663428,-4.046354166678714,,,,,,,
52.48489583330095,-4.065104166678713,-4.71,1.0,15083.0,,-4.71,-4.71,0.0
52.48489583330095,-4.064062500012047,-4.43,1.0,15083.0,,-4.43,-4.43,0.0
52.48489583330095,-4.06302083334538,-3.98,1.0,15083.0,,-3.98,-3.98,0.0
52.48489583330095,-4.0619791666787135,-3.59,1.0,15083.0,,-3.59,-3.59,0.0
52.48489583330095,-4.060937500012047,-3.23,1.0,15083.0,,-3.23,-3.23,0.0
52.48489583330095,-4.05989583334538,-2.86,1.0,15083.0,,-2.86,-2.86,0.0
52.48489583330095,-4.058854166678714,-2.21,1.0,15083.0,,-2.21,-2.21,0.0
52.48489583330095,-4.057812500012047,-1.55,1.0,15083.0,,-1.55,-1.55,0.0
52.48489583330095,-4.0567708333453805,-1.01,1.0,15083.0,,-1.01,-1.01,0.0
52.48489583330095,-4.055729166678714,-0.48,1.0,15083.0,,-0.48,-0.48,0.0
52.48489583330095,-4.054687500012047,0.05,6.0,15083.0,0.0,0.15,-0.1,0.0
52.48489583330095,-4.053645833345381,2.7578125,3.0,17267.0,1.0,,,
52.48489583330095,-4.052604166678714,5.414467,1.0,22062.0,1.0,,,
52.48489583330095,-4.051562500012047,,,,,,,
52.48489583330095,-4.050520833345381,,,,,,,
52.48489583330095,-4.049479166678714,,,,,,,
52.48489583330095,-4.048437500012048,,,,,,,
52.48489583330095,-4.047395833345381,,,,,,,
52.48489583330095,-4.046354166678714,,,,,,,
52.48593749996761,-4.065104166678713,-4.73,1.0,15083.0,,-4.73,-4.73,0.0
52.48593749996761,-4.064062500012047,-4.32,1.0,15083.0,,-4.32,-4.32,0.0
52.48593749996761,-4.06302083334538,-3.84,1.0,15083.0,,-3.84,-3.84,0.0
52.48593749996761,-4.0619791666787135,-3.46,1.0,15083.0,,-3.46,-3.46,0.0
52.48593749996761,-4.060937500012047,-3.14,1.0,15083.0,,-3.14,-3.14,0.0
52.48593749996761,-4.05989583334538,-2.75,1.0,15083.0,,-2.75,-2.75,0.0
52.48593749996761,-4.058854166678714,-2.1,1.0,15083.0,,-2.1,-2.1,0.0
52.48593749996761,-4.057812500012047,-1.55,1.0,15083.0,,-1.55,-1.55,0.0
52.48593749996761,-4.0567708333453805,-1.03,1.0,15083.0,,-1.03,-1.03,0.0
52.48593749996761,-4.055729166678714,-0.49,1.0,15083.0,,-0.49,-0.49,0.0
52.48593749996761,-4.054687500012047,-0.05,6.0,15083.0,0.0,0.05,-0.15,0.0
52.48593749996761,-4.053645833345381,2.6601562,3.0,17267.0,1.0,,,
52.48593749996761,-4.052604166678714,5.414506,1.0,22062.0,1.0,,,
52.48593749996761,-4.051562500012047,,,,,,,
52.48593749996761,-4.050520833345381,,,,,,,
52.48593749996761,-4.049479166678714,,,,,,,
52.48593749996761,-4.048437500012048,,,,,,,
52.48593749996761,-4.047395833345381,,,,,,,
52.48593749996761,-4.046354166678714,,,,,,,
52.48697916663428,-4.065104166678713,-4.66,1.0,15083.0,,-4.66,-4.66,0.0
52.48697916663428,-4.064062500012047,-4.18,1.0,15083.0,,-4.18,-4.18,0.0
52.48697916663428,-4.06302083334538,-3.7,1.0,15083.0,,-3.7,-3.7,0.0
52.48697916663428,-4.0619791666787135,-3.36,1.0,15083.0,,-3.36,-3.36,0.0
52.48697916663428,-4.060937500012047,-3.06,1.0,15083.0,,-3.06,-3.06,0.0
52.48697916663428,-4.05989583334538,-2.64,1.0,15083.0,,-2.64,-2.64,0.0
52.48697916663428,-4.058854166678714,-2.06,1.0,15083.0,,-2.06,-2.06,0.0
52.48697916663428,-4.057812500012047,-1.57,1.0,15083.0,,-1.57,-1.57,0.0
52.48697916663428,-4.0567708333453805,-1.05,1.0,15083.0,,-1.05,-1.05,0.0
52.48697916663428,-4.055729166678714,-0.48,1.0,15083.0,,-0.48,-0.48,0.0
52.48697916663428,-4.054687500012047,-0.54,1.0,15083.0,1.0,,,
52.48697916663428,-4.053645833345381,2.6171875,3.0,17267.0,1.0,,,
52.48697916663428,-4.052604166678714,5.414544,1.0,22062.0,1.0,,,
52.48697916663428,-4.051562500012047,,,,,,,
52.48697916663428,-4.050520833345381,,,,,,,
52.48697916663428,-4.049479166678714,,,,,,,
52.48697916663428,-4.048437500012048,,,,,,,
52.48697916663428,-4.047395833345381,,,,,,,
52.48697916663428,-4.046354166678714,,,,,,,
