y_m,x_m,emodnet_LAT_m
0.0,0.0,4.459998
0.5,0.0,4.459998
1.0,0.0,4.459998
1.5,0.0,4.459998
2.0,0.0,4.459998
2.5,0.0,4.459998
3.0,0.0,4.459998
3.5,0.0,4.459998
4.0,0.0,4.459998
4.5,0.0,4.459998
5.01,0.0,4.459998
5.51,0.0,4.459998
6.01,0.0,4.459998
6.51,0.0,4.459998
7.01,0.0,4.459998
7.51,0.0,4.459998
8.01,0.0,4.459998
8.51,0.0,4.459998
9.01,0.0,4.459998
9.51,0.0,4.459998
10.01,0.0,4.459998
10.51,0.0,4.459998
11.01,0.0,4.459998
11.51,0.0,4.459998
12.01,0.0,4.459998
12.51,0.0,4.459998
13.01,0.0,4.459998
13.51,0.0,4.459998
14.01,0.0,4.459998
14.51,0.0,4.459998
15.02,0.0,4.459998
15.52,0.0,4.459998
16.02,0.0,4.459998
16.52,0.0,4.459998
17.02,0.0,4.459998
17.52,0.0,4.459998
18.02,0.0,4.459998
18.52,0.0,4.459998
19.02,0.0,4.459998
19.52,0.0,4.459998
20.02,0.0,4.459998
20.52,0.0,4.459998
21.02,0.0,4.459998
21.52,0.0,4.459998
22.02,0.0,4.459998
22.52,0.0,4.459998
23.02,0.0,4.459998
23.52,0.0,4.459998
24.02,0.0,4.459998
24.52,0.0,4.459998
25.03,0.0,4.459998
25.53,0.0,4.459998
26.03,0.0,4.459998
26.53,0.0,4.459998
27.03,0.0,4.459998
27.53,0.0,4.459998
28.03,0.0,4.459998
28.53,0.0,4.459998
29.03,0.0,4.459998
29.53,0.0,4.459998
30.03,0.0,4.459998
30.53,0.0,4.459998
31.03,0.0,4.459998
31.53,0.0,4.459998
32.03,0.0,4.459998
32.53,0.0,4.459998
33.03,0.0,4.459998
33.53,0.0,4.459998
34.03,0.0,4.459998
34.53,0.0,4.459998
35.04,0.0,4.459998
35.54,0.0,4.459998
36.04,0.0,4.459998
36.54,0.0,4.459998
37.04,0.0,4.459998
37.54,0.0,4.459998
38.04,0.0,4.459998
38.54,0.0,4.459998
39.04,0.0,4.459998
39.54,0.0,4.459998
40.04,0.0,4.459998
40.54,0.0,4.459998
41.04,0.0,4.459998
41.54,0.0,4.459998
42.04,0.0,4.459998
42.54,0.0,4.459998
43.04,0.0,4.459998
43.54,0.0,4.459998
44.04,0.0,4.459998
44.54,0.0,4.459998
45.05,0.0,4.459998
45.55,0.0,4.459998
46.05,0.0,4.459998
46.55,0.0,4.459998
47.05,0.0,4.459998
47.55,0.0,4.459998
48.05,0.0,4.459998
48.55,0.0,5.414427
49.05,0.0,5.414427
49.55,0.0,5.414427
50.05,0.0,5.414427
50.55,0.0,5.414427
51.05,0.0,5.414427
51.55,0.0,5.414427
52.05,0.0,5.414427
52.55,0.0,5.414427
53.05,0.0,5.414427
53.55,0.0,5.414427
54.05,0.0,5.414427
54.55,0.0,5.414427
55.06,0.0,5.414427
55.56,0.0,5.414427
56.06,0.0,5.414427
56.56,0.0,5.414427
57.06,0.0,5.414427
57.56,0.0,5.414427
58.06,0.0,5.414427
58.56,0.0,5.414427
59.06,0.0,5.414427
59.56,0.0,5.414427
60.06,0.0,5.414427
60.56,0.0,5.414427
61.06,0.0,5.414427
61.56,0.0,5.414427
62.06,0.0,5.414427
62.56,0.0,5.414427
63.06,0.0,5.414427
63.56,0.0,5.414427
64.06,0.0,5.414427
64.56,0.0,5.414427
65.07,0.0,5.414427
65.57,0.0,5.414427
66.07,0.0,5.414427
66.57,0.0,5.414427
67.07,0.0,5.414427
67.57,0.0,5.414427
68.07,0.0,5.414427
68.57,0.0,5.414427
69.07,0.0,5.414427
69.57,0.0,5.414427
70.07,0.0,5.414427
70.57,0.0,5.414427
71.07,0.0,5.414427
71.57,0.0,5.414427
72.07,0.0,5.414427
72.57,0.0,5.414427
73.07,0.0,5.414427
73.57,0.0,5.414427
74.07,0.0,5.414427
74.57,0.0,5.414427
75.08,0.0,5.414427
75.58,0.0,5.414427
76.08,0.0,5.414427
76.58,0.0,5.414427
77.08,0.0,5.414427
77.58,0.0,5.414427
78.08,0.0,5.414427
78.58,0.0,5.414427
79.08,0.0,5.414427
79.58,0.0,5.414427
80.08,0.0,5.414427
80.58,0.0,5.414427
81.08,0.0,5.414427
81.58,0.0,5.414427
82.08,0.0,5.414427
82.58,0.0,5.414427
83.08,0.0,5.414427
83.58,0.0,5.414427
84.08,0.0,5.414427
84.58,0.0,5.414427
85.09,0.0,5.414427
85.59,0.0,5.414427
86.09,0.0,5.414427
86.59,0.0,5.414427
87.09,0.0,5.414427
87.59,0.0,5.414427
88.09,0.0,5.414427
88.59,0.0,5.414427
89.09,0.0,5.414427
89.59,0.0,5.414427
90.09,0.0,5.414427
90.59,0.0,5.414427
91.09,0.0,5.414427
91.59,0.0,5.414427
92.09,0.0,5.414427
92.59,0.0,5.414427
93.09,0.0,5.414427
93.59,0.0,5.414427
94.09,0.0,5.414427
94.59,0.0,5.414427
95.1,0.0,5.414427
95.6,0.0,5.414427
96.1,0.0,5.414427
96.6,0.0,5.414427
97.1,0.0,5.414427
97.6,0.0,5.414427
98.1,0.0,5.414427
98.6,0.0,5.414427
99.1,0.0,5.414427
99.6,0.0,5.414427
100.1,0.0,5.414427
100.6,0.0,5.414427
101.1,0.0,5.414427
101.6,0.0,5.414427
102.1,0.0,5.414427
102.6,0.0,5.414427
103.1,0.0,5.414427
103.6,0.0,5.414427
104.1,0.0,5.414427
104.6,0.0,5.414427
105.11,0.0,5.414427
105.61,0.0,5.414427
106.11,0.0,5.414427
106.61,0.0,5.414427
107.11,0.0,5.414427
107.61,0.0,5.414427
108.11,0.0,5.414427
108.61,0.0,5.414427
109.11,0.0,5.414427
109.61,0.0,5.414427
110.11,0.0,5.414427
110.61,0.0,5.414427
111.11,0.0,5.414427
111.61,0.0,5.414427
112.11,0.0,5.414427
112.61,0.0,5.414427
113.11,0.0,5.414427
113.61,0.0,5.414427
114.11,0.0,5.414427
114.61,0.0,5.414427
115.12,0.0,5.414427
115.62,0.0,5.414427
116.12,0.0,5.414427
116.62,0.0,2.703125
117.12,0.0,2.703125
117.62,0.0,2.703125
118.12,0.0,2.703125
118.62,0.0,2.703125
119.12,0.0,2.703125
119.62,0.0,2.703125
120.12,0.0,2.703125
120.62,0.0,2.703125
121.12,0.0,2.703125
121.62,0.0,2.703125
122.12,0.0,2.703125
122.62,0.0,2.703125
123.12,0.0,2.703125
123.62,0.0,2.703125
124.12,0.0,2.703125
124.62,0.0,2.703125
125.13,0.0,2.703125
125.63,0.0,2.703125
126.13,0.0,2.703125
126.63,0.0,2.703125
127.13,0.0,2.703125
127.63,0.0,2.703125
128.13,0.0,2.703125
128.63,0.0,2.703125
129.13,0.0,2.703125
129.63,0.0,2.703125
130.13,0.0,2.703125
130.63,0.0,2.703125
131.13,0.0,2.703125
131.63,0.0,2.703125
132.13,0.0,2.703125
132.63,0.0,2.703125
133.13,0.0,2.703125
133.63,0.0,2.703125
134.13,0.0,2.703125
134.63,0.0,2.703125
135.14,0.0,2.703125
135.64,0.0,2.703125
136.14,0.0,2.703125
136.64,0.0,2.703125
137.14,0.0,2.703125
137.64,0.0,2.703125
138.14,0.0,2.703125
138.64,0.0,2.703125
139.14,0.0,2.703125
139.64,0.0,2.703125
140.14,0.0,2.703125
140.64,0.0,2.703125
141.14,0.0,2.703125
141.64,0.0,2.703125
142.14,0.0,2.703125
142.64,0.0,2.703125
143.14,0.0,2.703125
143.64,0.0,2.703125
144.14,0.0,2.703125
144.64,0.0,2.703125
145.15,0.0,2.703125
145.65,0.0,2.703125
146.15,0.0,2.703125
146.65,0.0,2.703125
147.15,0.0,2.703125
147.65,0.0,2.703125
148.15,0.0,2.703125
148.65,0.0,2.703125
149.15,0.0,2.703125
149.65,0.0,2.703125
150.15,0.0,2.703125
150.65,0.0,2.703125
151.15,0.0,2.703125
151.65,0.0,2.703125
152.15,0.0,2.703125
152.65,0.0,2.703125
153.15,0.0,2.703125
153.65,0.0,2.703125
154.15,0.0,2.703125
154.65,0.0,2.703125
155.16,0.0,2.703125
155.66,0.0,2.703125
156.16,0.0,2.703125
156.66,0.0,2.703125
157.16,0.0,2.703125
157.66,0.0,2.703125
158.16,0.0,2.703125
158.66,0.0,2.703125
159.16,0.0,2.703125
159.66,0.0,2.703125
160.16,0.0,2.703125
160.66,0.0,2.703125
161.16,0.0,2.703125
161.66,0.0,2.703125
162.16,0.0,2.703125
162.66,0.0,2.703125
163.16,0.0,2.703125
163.66,0.0,2.703125
164.16,0.0,2.703125
164.66,0.0,2.703125
165.17,0.0,2.703125
165.67,0.0,2.703125
166.17,0.0,2.703125
166.67,0.0,2.703125
167.17,0.0,2.703125
167.67,0.0,2.703125
168.17,0.0,2.703125
168.67,0.0,2.703125
169.17,0.0,2.703125
169.67,0.0,2.703125
170.17,0.0,2.703125
170.67,0.0,2.703125
171.17,0.0,2.703125
171.67,0.0,2.703125
172.17,0.0,2.703125
172.67,0.0,2.703125
173.17,0.0,2.703125
173.67,0.0,2.703125
174.17,0.0,2.703125
174.67,0.0,2.703125
175.18,0.0,2.703125
175.68,0.0,2.703125
176.18,0.0,2.703125
176.68,0.0,2.703125
177.18,0.0,2.703125
177.68,0.0,2.703125
178.18,0.0,2.703125
178.68,0.0,2.703125
179.18,0.0,2.703125
179.68,0.0,2.703125
180.18,0.0,2.703125
180.68,0.0,2.703125
181.18,0.0,2.703125
181.68,0.0,2.703125
182.18,0.0,2.703125
182.68,0.0,2.703125
183.18,0.0,2.703125
183.68,0.0,2.703125
184.18,0.0,2.703125
184.68,0.0,-0.34
185.19,0.0,-0.34
185.69,0.0,-0.34
186.19,0.0,-0.34
186.69,0.0,-0.34
187.19,0.0,-0.34
187.69,0.0,-0.34
188.19,0.0,-0.34
188.69,0.0,-0.34
189.19,0.0,-0.34
189.69,0.0,-0.34
190.19,0.0,-0.34
190.69,0.0,-0.34
191.19,0.0,-0.34
191.69,0.0,-0.34
192.19,0.0,-0.34
192.69,0.0,-0.34
193.19,0.0,-0.34
193.69,0.0,-0.34
194.19,0.0,-0.34
194.69,0.0,-0.34
195.2,0.0,-0.34
195.7,0.0,-0.34
196.2,0.0,-0.34
196.7,0.0,-0.34
197.2,0.0,-0.34
197.7,0.0,-0.34
198.2,0.0,-0.34
198.7,0.0,-0.34
199.2,0.0,-0.34
199.7,0.0,-0.34
200.2,0.0,-0.34
200.7,0.0,-0.34
201.2,0.0,-0.34
201.7,0.0,-0.34
202.2,0.0,-0.34
202.7,0.0,-0.34
203.2,0.0,-0.34
203.7,0.0,-0.34
204.2,0.0,-0.34
204.7,0.0,-0.34
205.21,0.0,-0.34
205.71,0.0,-0.34
206.21,0.0,-0.34
206.71,0.0,-0.34
207.21,0.0,-0.34
207.71,0.0,-0.34
208.21,0.0,-0.34
208.71,0.0,-0.34
209.21,0.0,-0.34
209.71,0.0,-0.34
210.21,0.0,-0.34
210.71,0.0,-0.34
211.21,0.0,-0.34
211.71,0.0,-0.34
212.21,0.0,-0.34
212.71,0.0,-0.34
213.21,0.0,-0.34
213.71,0.0,-0.34
214.21,0.0,-0.34
214.71,0.0,-0.34
215.22,0.0,-0.34
215.72,0.0,-0.34
216.22,0.0,-0.34
216.72,0.0,-0.34
217.22,0.0,-0.34
217.72,0.0,-0.34
218.22,0.0,-0.34
218.72,0.0,-0.34
219.22,0.0,-0.34
219.72,0.0,-0.34
220.22,0.0,-0.34
220.72,0.0,-0.34
221.22,0.0,-0.34
221.72,0.0,-0.34
222.22,0.0,-0.34
222.72,0.0,-0.34
223.22,0.0,-0.34
223.72,0.0,-0.34
224.22,0.0,-0.34
224.72,0.0,-0.34
225.23,0.0,-0.34
225.73,0.0,-0.34
226.23,0.0,-0.34
226.73,0.0,-0.34
227.23,0.0,-0.34
227.73,0.0,-0.34
228.23,0.0,-0.34
228.73,0.0,-0.34
229.23,0.0,-0.34
229.73,0.0,-0.34
230.23,0.0,-0.34
230.73,0.0,-0.34
231.23,0.0,-0.34
231.73,0.0,-0.34
232.23,0.0,-0.34
232.73,0.0,-0.34
233.23,0.0,-0.34
233.73,0.0,-0.34
234.23,0.0,-0.34
234.73,0.0,-0.34
235.24,0.0,-0.34
235.74,0.0,-0.34
236.24,0.0,-0.34
236.74,0.0,-0.34
237.24,0.0,-0.34
237.74,0.0,-0.34
238.24,0.0,-0.34
238.74,0.0,-0.34
239.24,0.0,-0.34
239.74,0.0,-0.34
240.24,0.0,-0.34
240.74,0.0,-0.34
241.24,0.0,-0.34
241.74,0.0,-0.34
242.24,0.0,-0.34
242.74,0.0,-0.34
243.24,0.0,-0.34
243.74,0.0,-0.34
244.24,0.0,-0.34
244.74,0.0,-0.34
245.25,0.0,-0.34
245.75,0.0,-0.34
246.25,0.0,-0.34
246.75,0.0,-0.34
247.25,0.0,-0.34
247.75,0.0,-0.34
248.25,0.0,-0.34
248.75,0.0,-0.34
249.25,0.0,-0.34
249.75,0.0,-0.34
250.25,0.0,-0.34
250.75,0.0,-0.34
251.25,0.0,-0.34
251.75,0.0,-0.34
252.25,0.0,-0.34
252.75,0.0,-0.1796875
253.25,0.0,-0.1796875
253.75,0.0,-0.1796875
254.25,0.0,-0.1796875
254.75,0.0,-0.1796875
255.26,0.0,-0.1796875
255.76,0.0,-0.1796875
256.26,0.0,-0.1796875
256.76,0.0,-0.1796875
257.26,0.0,-0.1796875
257.76,0.0,-0.1796875
258.26,0.0,-0.1796875
258.76,0.0,-0.1796875
259.26,0.0,-0.1796875
259.76,0.0,-0.1796875
260.26,0.0,-0.1796875
260.76,0.0,-0.1796875
261.26,0.0,-0.1796875
261.76,0.0,-0.1796875
262.26,0.0,-0.1796875
262.76,0.0,-0.1796875
263.26,0.0,-0.1796875
263.76,0.0,-0.1796875
264.26,0.0,-0.1796875
264.76,0.0,-0.1796875
265.27,0.0,-0.1796875
265.77,0.0,-0.1796875
266.27,0.0,-0.1796875
266.77,0.0,-0.1796875
267.27,0.0,-0.1796875
267.77,0.0,-0.1796875
268.27,0.0,-0.1796875
268.77,0.0,-0.1796875
269.27,0.0,-0.1796875
269.77,0.0,-0.1796875
270.27,0.0,-0.1796875
270.77,0.0,-0.1796875
271.27,0.0,-0.1796875
271.77,0.0,-0.1796875
272.27,0.0,-0.1796875
272.77,0.0,-0.1796875
273.27,0.0,-0.1796875
273.77,0.0,-0.1796875
274.27,0.0,-0.1796875
274.77,0.0,-0.1796875
275.28,0.0,-0.1796875
275.78,0.0,-0.1796875
276.28,0.0,-0.1796875
276.78,0.0,-0.1796875
277.28,0.0,-0.1796875
277.78,0.0,-0.1796875
278.28,0.0,-0.1796875
278.78,0.0,-0.1796875
279.28,0.0,-0.1796875
279.78,0.0,-0.1796875
280.28,0.0,-0.1796875
280.78,0.0,-0.1796875
281.28,0.0,-0.1796875
281.78,0.0,-0.1796875
282.28,0.0,-0.1796875
282.78,0.0,-0.1796875
283.28,0.0,-0.1796875
283.78,0.0,-0.1796875
284.28,0.0,-0.1796875
284.78,0.0,-0.1796875
285.29,0.0,-0.1796875
285.79,0.0,-0.1796875
286.29,0.0,-0.1796875
286.79,0.0,-0.1796875
287.29,0.0,-0.1796875
287.79,0.0,-0.1796875
288.29,0.0,-0.1796875
288.79,0.0,-0.1796875
289.29,0.0,-0.1796875
289.79,0.0,-0.1796875
290.29,0.0,-0.1796875
290.79,0.0,-0.1796875
291.29,0.0,-0.1796875
291.79,0.0,-0.1796875
292.29,0.0,-0.1796875
292.79,0.0,-0.1796875
293.29,0.0,-0.1796875
293.79,0.0,-0.1796875
294.29,0.0,-0.1796875
294.79,0.0,-0.1796875
295.3,0.0,-0.1796875
295.8,0.0,-0.1796875
296.3,0.0,-0.1796875
296.8,0.0,-0.1796875
297.3,0.0,-0.1796875
297.8,0.0,-0.1796875
298.3,0.0,-0.1796875
298.8,0.0,-0.1796875
299.3,0.0,-0.1796875
299.8,0.0,-0.1796875
300.3,0.0,-0.1796875
300.8,0.0,-0.1796875
301.3,0.0,-0.1796875
301.8,0.0,-0.1796875
302.3,0.0,-0.1796875
302.8,0.0,-0.1796875
303.3,0.0,-0.1796875
303.8,0.0,-0.1796875
304.3,0.0,-0.1796875
304.8,0.0,-0.1796875
305.31,0.0,-0.1796875
305.81,0.0,-0.1796875
306.31,0.0,-0.1796875
306.81,0.0,-0.1796875
307.31,0.0,-0.1796875
307.81,0.0,-0.1796875
308.31,0.0,-0.1796875
308.81,0.0,-0.1796875
309.31,0.0,-0.1796875
309.81,0.0,-0.1796875
310.31,0.0,-0.1796875
310.81,0.0,-0.1796875
311.31,0.0,-0.1796875
311.81,0.0,-0.1796875
312.31,0.0,-0.1796875
312.81,0.0,-0.1796875
313.31,0.0,-0.1796875
313.81,0.0,-0.1796875
314.31,0.0,-0.1796875
314.81,0.0,-0.1796875
315.32,0.0,-0.1796875
315.82,0.0,-0.1796875
316.32,0.0,-0.1796875
316.82,0.0,-0.1796875
317.32,0.0,-0.1796875
317.82,0.0,-0.1796875
318.32,0.0,-0.1796875
318.82,0.0,-0.1796875
319.32,0.0,-0.1796875
319.82,0.0,-0.1796875
320.32,0.0,-0.1796875
320.82,0.0,-0.4
321.32,0.0,-0.4
321.82,0.0,-0.4
322.32,0.0,-0.4
322.82,0.0,-0.4
323.32,0.0,-0.4
323.82,0.0,-0.4
324.32,0.0,-0.4
324.82,0.0,-0.4
325.33,0.0,-0.4
325.83,0.0,-0.4
326.33,0.0,-0.4
326.83,0.0,-0.4
327.33,0.0,-0.4
327.83,0.0,-0.4
328.33,0.0,-0.4
328.83,0.0,-0.4
329.33,0.0,-0.4
329.83,0.0,-0.4
330.33,0.0,-0.4
330.83,0.0,-0.4
331.33,0.0,-0.4
331.83,0.0,-0.4
332.33,0.0,-0.4
332.83,0.0,-0.4
333.33,0.0,-0.4
333.83,0.0,-0.4
334.33,0.0,-0.4
334.83,0.0,-0.4
335.34,0.0,-0.4
335.84,0.0,-0.4
336.34,0.0,-0.4
336.84,0.0,-0.4
337.34,0.0,-0.4
337.84,0.0,-0.4
338.34,0.0,-0.4
338.84,0.0,-0.4
339.34,0.0,-0.4
339.84,0.0,-0.4
340.34,0.0,-0.4
340.84,0.0,-0.4
341.34,0.0,-0.4
341.84,0.0,-0.4
342.34,0.0,-0.4
342.84,0.0,-0.4
343.34,0.0,-0.4
343.84,0.0,-0.4
344.34,0.0,-0.4
344.84,0.0,-0.4
345.35,0.0,-0.4
345.85,0.0,-0.4
346.35,0.0,-0.4
346.85,0.0,-0.4
347.35,0.0,-0.4
347.85,0.0,-0.4
348.35,0.0,-0.4
348.85,0.0,-0.4
349.35,0.0,-0.4
349.85,0.0,-0.4
350.35,0.0,-0.4
350.85,0.0,-0.4
351.35,0.0,-0.4
351.85,0.0,-0.4
352.35,0.0,-0.4
352.85,0.0,-0.4
353.35,0.0,-0.4
353.85,0.0,-0.4
354.35,0.0,-0.4
354.85,0.0,-0.4
355.36,0.0,-0.4
355.86,0.0,-0.4
356.36,0.0,-0.4
356.86,0.0,-0.4
357.36,0.0,-0.4
357.86,0.0,-0.4
358.36,0.0,-0.4
358.86,0.0,-0.4
359.36,0.0,-0.4
359.86,0.0,-0.4
360.36,0.0,-0.4
360.86,0.0,-0.4
361.36,0.0,-0.4
361.86,0.0,-0.4
362.36,0.0,-0.4
362.86,0.0,-0.4
363.36,0.0,-0.4
363.86,0.0,-0.4
364.36,0.0,-0.4
364.86,0.0,-0.4
365.37,0.0,-0.4
365.87,0.0,-0.4
366.37,0.0,-0.4
366.87,0.0,-0.4
367.37,0.0,-0.4
367.87,0.0,-0.4
368.37,0.0,-0.4
368.87,0.0,-0.4
369.37,0.0,-0.4
369.87,0.0,-0.4
370.37,0.0,-0.4
370.87,0.0,-0.4
371.37,0.0,-0.4
371.87,0.0,-0.4
372.37,0.0,-0.4
372.87,0.0,-0.4
373.37,0.0,-0.4
373.87,0.0,-0.4
374.37,0.0,-0.4
374.87,0.0,-0.4
375.38,0.0,-0.4
375.88,0.0,-0.4
376.38,0.0,-0.4
376.88,0.0,-0.4
377.38,0.0,-0.4
377.88,0.0,-0.4
378.38,0.0,-0.4
378.88,0.0,-0.4
379.38,0.0,-0.4
379.88,0.0,-0.4
380.38,0.0,-0.4
380.88,0.0,-0.4
381.38,0.0,-0.4
381.88,0.0,-0.4
382.38,0.0,-0.4
382.88,0.0,-0.4
383.38,0.0,-0.4
383.88,0.0,-0.4
384.38,0.0,-0.4
384.88,0.0,-0.4
385.39,0.0,-0.4
385.89,0.0,-0.4
386.39,0.0,-0.4
386.89,0.0,-0.4
387.39,0.0,-0.4
387.89,0.0,-0.4
388.39,0.0,-0.4
388.89,0.0,-1.1
389.39,0.0,-1.1
389.89,0.0,-1.1
390.39,0.0,-1.1
390.89,0.0,-1.1
391.39,0.0,-1.1
391.89,0.0,-1.1
392.39,0.0,-1.1
392.89,0.0,-1.1
393.39,0.0,-1.1
393.89,0.0,-1.1
394.39,0.0,-1.1
394.89,0.0,-1.1
395.4,0.0,-1.1
395.9,0.0,-1.1
396.4,0.0,-1.1
396.9,0.0,-1.1
397.4,0.0,-1.1
397.9,0.0,-1.1
398.4,0.0,-1.1
398.9,0.0,-1.1
399.4,0.0,-1.1
399.9,0.0,-1.1
400.4,0.0,-1.1
400.9,0.0,-1.1
401.4,0.0,-1.1
401.9,0.0,-1.1
402.4,0.0,-1.1
402.9,0.0,-1.1
403.4,0.0,-1.1
403.9,0.0,-1.1
404.4,0.0,-1.1
404.9,0.0,-1.1
405.41,0.0,-1.1
405.91,0.0,-1.1
406.41,0.0,-1.1
406.91,0.0,-1.1
407.41,0.0,-1.1
407.91,0.0,-1.1
408.41,0.0,-1.1
408.91,0.0,-1.1
409.41,0.0,-1.1
409.91,0.0,-1.1
410.41,0.0,-1.1
410.91,0.0,-1.1
411.41,0.0,-1.1
411.91,0.0,-1.1
412.41,0.0,-1.1
412.91,0.0,-1.1
413.41,0.0,-1.1
413.91,0.0,-1.1
414.41,0.0,-1.1
414.91,0.0,-1.1
415.42,0.0,-1.1
415.92,0.0,-1.1
416.42,0.0,-1.1
416.92,0.0,-1.1
417.42,0.0,-1.1
417.92,0.0,-1.1
418.42,0.0,-1.1
418.92,0.0,-1.1
419.42,0.0,-1.1
419.92,0.0,-1.1
420.42,0.0,-1.1
420.92,0.0,-1.1
421.42,0.0,-1.1
421.92,0.0,-1.1
422.42,0.0,-1.1
422.92,0.0,-1.1
423.42,0.0,-1.1
423.92,0.0,-1.1
424.42,0.0,-1.1
424.92,0.0,-1.1
425.43,0.0,-1.1
425.93,0.0,-1.1
426.43,0.0,-1.1
426.93,0.0,-1.1
427.43,0.0,-1.1
427.93,0.0,-1.1
428.43,0.0,-1.1
428.93,0.0,-1.1
429.43,0.0,-1.1
429.93,0.0,-1.1
430.43,0.0,-1.1
430.93,0.0,-1.1
431.43,0.0,-1.1
431.93,0.0,-1.1
432.43,0.0,-1.1
432.93,0.0,-1.1
433.43,0.0,-1.1
433.93,0.0,-1.1
434.43,0.0,-1.1
434.93,0.0,-1.1
435.44,0.0,-1.1
435.94,0.0,-1.1
436.44,0.0,-1.1
436.94,0.0,-1.1
437.44,0.0,-1.1
437.94,0.0,-1.1
438.44,0.0,-1.1
438.94,0.0,-1.1
439.44,0.0,-1.1
439.94,0.0,-1.1
440.44,0.0,-1.1
440.94,0.0,-1.1
441.44,0.0,-1.1
441.94,0.0,-1.1
442.44,0.0,-1.1
442.94,0.0,-1.1
443.44,0.0,-1.1
443.94,0.0,-1.1
444.44,0.0,-1.1
444.94,0.0,-1.1
445.45,0.0,-1.1
445.95,0.0,-1.1
446.45,0.0,-1.1
446.95,0.0,-1.1
447.45,0.0,-1.1
447.95,0.0,-1.1
448.45,0.0,-1.1
448.95,0.0,-1.1
449.45,0.0,-1.1
449.95,0.0,-1.1
450.45,0.0,-1.1
450.95,0.0,-1.1
451.45,0.0,-1.1
451.95,0.0,-1.1
452.45,0.0,-1.1
452.95,0.0,-1.1
453.45,0.0,-1.1
453.95,0.0,-1.1
454.45,0.0,-1.1
454.95,0.0,-1.1
455.46,0.0,-1.1
455.96,0.0,-1.1
456.46,0.0,-1.1
456.96,0.0,-1.91
457.46,0.0,-1.91
457.96,0.0,-1.91
458.46,0.0,-1.91
458.96,0.0,-1.91
459.46,0.0,-1.91
459.96,0.0,-1.91
460.46,0.0,-1.91
460.96,0.0,-1.91
461.46,0.0,-1.91
461.96,0.0,-1.91
462.46,0.0,-1.91
462.96,0.0,-1.91
463.46,0.0,-1.91
463.96,0.0,-1.91
464.46,0.0,-1.91
464.96,0.0,-1.91
465.47,0.0,-1.91
465.97,0.0,-1.91
466.47,0.0,-1.91
466.97,0.0,-1.91
467.47,0.0,-1.91
467.97,0.0,-1.91
468.47,0.0,-1.91
468.97,0.0,-1.91
469.47,0.0,-1.91
469.97,0.0,-1.91
470.47,0.0,-1.91
470.97,0.0,-1.91
471.47,0.0,-1.91
471.97,0.0,-1.91
472.47,0.0,-1.91
472.97,0.0,-1.91
473.47,0.0,-1.91
473.97,0.0,-1.91
474.47,0.0,-1.91
474.97,0.0,-1.91
475.48,0.0,-1.91
475.98,0.0,-1.91
476.48,0.0,-1.91
476.98,0.0,-1.91
477.48,0.0,-1.91
477.98,0.0,-1.91
478.48,0.0,-1.91
478.98,0.0,-1.91
479.48,0.0,-1.91
479.98,0.0,-1.91
480.48,0.0,-1.91
480.98,0.0,-1.91
481.48,0.0,-1.91
481.98,0.0,-1.91
482.48,0.0,-1.91
482.98,0.0,-1.91
483.48,0.0,-1.91
483.98,0.0,-1.91
484.48,0.0,-1.91
484.98,0.0,-1.91
485.49,0.0,-1.91
485.99,0.0,-1.91
486.49,0.0,-1.91
486.99,0.0,-1.91
487.49,0.0,-1.91
487.99,0.0,-1.91
488.49,0.0,-1.91
488.99,0.0,-1.91
489.49,0.0,-1.91
489.99,0.0,-1.91
490.49,0.0,-1.91
490.99,0.0,-1.91
491.49,0.0,-1.91
491.99,0.0,-1.91
492.49,0.0,-1.91
492.99,0.0,-1.91
493.49,0.0,-1.91
493.99,0.0,-1.91
494.49,0.0,-1.91
494.99,0.0,-1.91
495.5,0.0,-1.91
496.0,0.0,-1.91
496.5,0.0,-1.91
497.0,0.0,-1.91
497.5,0.0,-1.91
498.0,0.0,-1.91
498.5,0.0,-1.91
499.0,0.0,-1.91
499.5,0.0,-1.91
500.0,0.0,-1.91
