x,y,nav_depth_m,nav_z_LAT,emodnet_mean,emodnet_min,emodnet_max,delta,model_depth,code
-93.7,125.6,1.2,-1.14,-4.67,-4.9,-4.48,-3.5300000000000002,1.35,1
114.1,138.9,1.4,-1.3399999999999999,-4.21,-4.51,-3.98,-2.87,1.31,1
-36.0,157.1,2.2,-2.14,-3.99,-4.66,-2.8,-1.85,2.32,0
64.4,174.3,1.6,-1.54,-4.03,-4.34,-3.87,-2.49,1.98,0
148.4,193.7,2.2,-2.14,-4.21,-4.51,-3.98,-2.07,2.09,1
-124.9,182.3,2.3,-2.2399999999999998,-4.44,-4.44,-4.44,-2.2000000000000006,2.46,1
-38.3,223.3,2.3,-2.2399999999999998,-5.62,-6.21,-4.87,-3.3800000000000003,3.3,0
72.6,241.2,3.3,-3.2399999999999998,-5.26,-6.03,-4.4,-2.02,3.47,1
140.2,264.7,4.3,-4.24,-5.76,-6.69,-4.76,-1.5199999999999996,3.53,1
-133.1,253.2,4.4,-4.340000000000001,-5.24,-5.92,-4.45,-0.8999999999999995,4.57,1
-80.9,285.4,5.5,-5.44,-5.53,-6.07,-4.74,-0.08999999999999986,5.42,1
-21.9,301.9,5.1,-5.04,-5.62,-6.21,-4.87,-0.5800000000000001,5.25,0
49.8,300.5,4.4,-4.340000000000001,-5.26,-6.03,-4.4,-0.919999999999999,4.54,1
108.8,317.0,5.5,-5.44,-5.76,-6.69,-4.76,-0.3199999999999994,4.56,1
-155.2,312.6,5.3,-5.24,-6.99,-7.61,-6.33,-1.75,6.16,1
171.9,339.0,6.2,-6.140000000000001,-6.26,-7.0,-5.4,-0.11999999999999922,,-1
-186.0,140.8,1.3,-1.24,-4.44,-4.44,-4.44,-3.2,,-1
-331.5,159.0,2.2,-2.14,-2.69,-3.71,-1.62,-0.5499999999999998,,-1
-270.5,160.5,1.5,-1.44,-2.69,-3.71,-1.62,-1.25,,-1
-208.7,198.8,2.3,-2.2399999999999998,-4.85,-5.96,-3.76,-2.61,,-1
-334.9,230.1,3.2,-3.14,-4.39,-5.3,-3.59,-1.2499999999999996,,-1
-263.5,233.3,3.3,-3.2399999999999998,-4.85,-5.96,-3.76,-1.6099999999999999,,-1
-211.0,265.2,4.4,-4.340000000000001,-4.85,-5.96,-3.76,-0.5099999999999989,,-1
-380.3,271.1,4.2,-4.140000000000001,-4.74,-5.52,-3.92,-0.5999999999999996,,-1
-304.9,284.6,4.5,-4.44,-4.39,-5.3,-3.59,0.05000000000000071,,-1
-361.5,328.8,5.2,-5.140000000000001,-6.63,-7.47,-5.66,-1.4899999999999993,,-1
-235.1,339.3,6.1,-6.04,-7.16,-7.84,-6.31,-1.12,,-1
-6.6,236.9,1.0,-0.94,-5.62,-6.21,-4.87,-4.68,3.63,2
-182.9,172.9,2.0,-1.94,-4.44,-4.44,-4.44,-2.5000000000000004,,-1
-191.6,219.8,3.0,-2.94,-5.24,-5.92,-4.45,-2.3000000000000003,,-1
-188.4,247.1,4.0,-3.94,-5.24,-5.92,-4.45,-1.3000000000000003,,-1
55.7,315.4,5.0,-4.94,-5.26,-6.03,-4.4,-0.3199999999999994,4.72,1
-239.6,323.4,6.0,-5.94,-7.16,-7.84,-6.31,-1.2199999999999998,,-1
