point,role,x_m,y_m,lat,lon,cell_ki,cell_kj,cell_lat,cell_lon,elev_LAT_m,elev_min,elev_max,stdev,value_count,cdi_index,interpolated,status,wcs_2016,wcs_2018,wcs_2020,wcs_2022,wcs_2024,rest_avg,rest_min,rest_max,rest_stdev,rest_elementary,rest_interpolationType,rest_smoothed,rest_ref_type,rest_ref_edmo,rest_ref_id,wfs2024_ref_id,wfs2024_ref_type
centre_outline_centroid,reef centre,0.1,226.2,50.717532,-1.838909,34288,32794,50.717188,-1.839062,-5.62,-6.21,-4.87,0.43,12,15724,False,ERDDAP DTM2024 sea cell,,5.199999809265137,-5.619999885559082,-5.619999885559082,-5.619999885559082,-5.62,-6.21,-4.87,0.43,12,False,-5.3762507,CDI,2607,117452,117452,CDI
drying_patch_centre,reef (Navionics drying patch centre),15.0,208.7,50.717704,-1.838728,34288,32794,50.717188,-1.839062,-5.62,-6.21,-4.87,0.43,12,15724,False,ERDDAP DTM2024 sea cell,,5.199999809265137,-5.619999885559082,-5.619999885559082,-5.619999885559082,-5.62,-6.21,-4.87,0.43,12,False,-5.3762507,CDI,2607,117452,117452,CDI
survey_peak_Apr2011,reef crest (survey peak),20.1,192.8,50.717851,-1.838682,34289,32794,50.718229,-1.839062,-3.99,-4.66,-2.8,0.85,4,15724,False,ERDDAP DTM2024 sea cell,,1.3899999856948853,-3.990000009536743,-3.990000009536743,-3.990000009536743,-3.99,-4.66,-2.8,0.85,4,False,-3.324172,CDI,2607,117452,117452,CDI
toe_shoreward,toe,28.1,175.9,50.71801,-1.838597,34289,32794,50.718229,-1.839062,-3.99,-4.66,-2.8,0.85,4,15724,False,ERDDAP DTM2024 sea cell,,1.3899999856948853,-3.990000009536743,-3.990000009536743,-3.990000009536743,-3.99,-4.66,-2.8,0.85,4,False,-3.324172,CDI,2607,117452,117452,CDI
toe_west_flank,toe,-38.0,224.8,50.717505,-1.839447,34288,32794,50.717188,-1.839062,-5.62,-6.21,-4.87,0.43,12,15724,False,ERDDAP DTM2024 sea cell,,5.199999809265137,-5.619999885559082,-5.619999885559082,-5.619999885559082,-5.62,-6.21,-4.87,0.43,12,False,-5.3762507,CDI,2607,117452,117452,CDI
toe_east_flank,toe,48.1,199.9,50.717817,-1.838276,34289,32795,50.718229,-1.838021,-4.03,-4.34,-3.87,0.19,6,15724,False,ERDDAP DTM2024 sea cell,,1.340000033378601,-4.03000020980835,-4.03000020980835,-4.03000020980835,-4.03,-4.34,-3.87,0.19,6,False,-2.9987605,CDI,2607,117452,117452,CDI
toe_offshore_tail,toe,-20.0,279.8,50.717033,-1.839104,34288,32794,50.717188,-1.839062,-5.62,-6.21,-4.87,0.43,12,15724,False,ERDDAP DTM2024 sea cell,,5.199999809265137,-5.619999885559082,-5.619999885559082,-5.619999885559082,-5.62,-6.21,-4.87,0.43,12,False,-5.3762507,CDI,2607,117452,117452,CDI
seabed_y100,seabed,0.0,99.9,50.71866,-1.839115,34289,32794,50.718229,-1.839062,-3.99,-4.66,-2.8,0.85,4,15724,False,ERDDAP DTM2024 sea cell,,1.3899999856948853,-3.990000009536743,-3.990000009536743,-3.990000009536743,-3.99,-4.66,-2.8,0.85,4,False,-3.324172,CDI,2607,117452,117452,CDI
seabed_y320,seabed,0.0,319.7,50.716697,-1.838757,34288,32794,50.717188,-1.839062,-5.62,-6.21,-4.87,0.43,12,15724,False,ERDDAP DTM2024 sea cell,,5.199999809265137,-5.619999885559082,-5.619999885559082,-5.619999885559082,-5.62,-6.21,-4.87,0.43,12,False,-5.3762507,CDI,2607,117452,117452,CDI
seabed_80m_west,seabed,-80.1,224.8,50.717462,-1.840039,34288,32793,50.717188,-1.840104,-5.53,-6.07,-4.74,0.41,12,15724,False,ERDDAP DTM2024 sea cell,,5.400000095367432,-5.53000020980835,-5.53000020980835,-5.53000020980835,-5.53,-6.07,-4.74,0.41,12,False,-5.638749,CDI,2607,117452,117452,CDI
seabed_90m_east,seabed,90.2,214.9,50.717726,-1.83766,34289,32795,50.718229,-1.838021,-4.03,-4.34,-3.87,0.19,6,15724,False,ERDDAP DTM2024 sea cell,,1.340000033378601,-4.03000020980835,-4.03000020980835,-4.03000020980835,-4.03,-4.34,-3.87,0.19,6,False,-2.9987605,CDI,2607,117452,117452,CDI
