y_m,x_m,lat,lon,cell_ki,cell_kj,cell_lat,cell_lon,elev_LAT_m,status,wcs_2016,wcs_2018,wcs_2020,wcs_2022,wcs_2024,bilinear_LAT_m,elev_min,elev_max,stdev,value_count,cdi_index,interpolated,model_seabed_LAT_m,model_asbuilt_surface_LAT_m,model_apr2011_surface_LAT_m,delta_emodnet_minus_model_seabed_m
-100.0,-0.0019369476319057,50.720445,-1.8394408,34291,32794,50.720312,-1.839062,8.528244018554688,ERDDAP masked (land/foreshore): value from WCS emodnet__mean,,-20.5,8.731719970703125,8.731719970703125,8.528244018554688,11.484260115774376,,,,,,,,,,
-95.0,-0.0019369476319057,50.7204003,-1.8394326,34291,32794,50.720312,-1.839062,8.528244018554688,ERDDAP masked (land/foreshore): value from WCS emodnet__mean,,-20.5,8.731719970703125,8.731719970703125,8.528244018554688,10.546581333721154,,,,,,,,,,
-90.0,-0.0019369476319057,50.7203557,-1.8394245,34291,32794,50.720312,-1.839062,8.528244018554688,ERDDAP masked (land/foreshore): value from WCS emodnet__mean,,-20.5,8.731719970703125,8.731719970703125,8.528244018554688,9.611505783646884,,,,,,,,,,
-85.0,-0.0019369476319057,50.720311,-1.8394164,34291,32794,50.720312,-1.839062,8.528244018554688,ERDDAP masked (land/foreshore): value from WCS emodnet__mean,,-20.5,8.731719970703125,8.731719970703125,8.528244018554688,8.693755393479547,,,,,,,,,,
-80.0,-0.0019369476319057,50.7202664,-1.8394082,34291,32794,50.720312,-1.839062,8.528244018554688,ERDDAP masked (land/foreshore): value from WCS emodnet__mean,,-20.5,8.731719970703125,8.731719970703125,8.528244018554688,8.323050493366853,,,,,,,,,,
-75.0,-0.0019369476319057,50.7202217,-1.8394001,34291,32794,50.720312,-1.839062,8.528244018554688,ERDDAP masked (land/foreshore): value from WCS emodnet__mean,,-20.5,8.731719970703125,8.731719970703125,8.528244018554688,7.951913857088088,,,,,,,,,,
-70.0,-0.0019369476319057,50.7201771,-1.839392,34291,32794,50.720312,-1.839062,8.528244018554688,ERDDAP masked (land/foreshore): value from WCS emodnet__mean,,-20.5,8.731719970703125,8.731719970703125,8.528244018554688,7.58193882198004,,,,,,,,,,
-65.0,-0.0019369476319057,50.7201324,-1.8393838,34291,32794,50.720312,-1.839062,8.528244018554688,ERDDAP masked (land/foreshore): value from WCS emodnet__mean,,-20.5,8.731719970703125,8.731719970703125,8.528244018554688,7.211440842474827,,,,,,,,,,
-60.0,-0.0019369476319057,50.7200878,-1.8393757,34291,32794,50.720312,-1.839062,8.528244018554688,ERDDAP masked (land/foreshore): value from WCS emodnet__mean,,-20.5,8.731719970703125,8.731719970703125,8.528244018554688,6.842147586259698,,,,,,,,,,
-55.0,-0.0019369476319057,50.7200431,-1.8393675,34291,32794,50.720312,-1.839062,8.528244018554688,ERDDAP masked (land/foreshore): value from WCS emodnet__mean,,-20.5,8.731719970703125,8.731719970703125,8.528244018554688,6.472336349757594,,,,,,,,,,
-50.0,-0.0019369476319057,50.7199985,-1.8393594,34291,32794,50.720312,-1.839062,8.528244018554688,ERDDAP masked (land/foreshore): value from WCS emodnet__mean,,-20.5,8.731719970703125,8.731719970703125,8.528244018554688,6.103724872376599,,,,,,,,,,
-45.0,-0.0019369476319057,50.7199538,-1.8393513,34291,32794,50.720312,-1.839062,8.528244018554688,ERDDAP masked (land/foreshore): value from WCS emodnet__mean,,-20.5,8.731719970703125,8.731719970703125,8.528244018554688,5.734633769979396,,,,,,,,,,
-40.0,-0.0019369476319057,50.7199092,-1.8393431,34291,32794,50.720312,-1.839062,8.528244018554688,ERDDAP masked (land/foreshore): value from WCS emodnet__mean,,-20.5,8.731719970703125,8.731719970703125,8.528244018554688,5.366670680271048,,,,,,,,,,
-35.0,-0.0019369476319057,50.7198645,-1.839335,34291,32794,50.720312,-1.839062,8.528244018554688,ERDDAP masked (land/foreshore): value from WCS emodnet__mean,,-20.5,8.731719970703125,8.731719970703125,8.528244018554688,4.998262123017071,,,,,,,,,,
-30.0,-0.0019369476319057,50.7198199,-1.8393269,34291,32794,50.720312,-1.839062,8.528244018554688,ERDDAP masked (land/foreshore): value from WCS emodnet__mean,,-20.5,8.731719970703125,8.731719970703125,8.528244018554688,4.631012106635063,,,,,,,,,,
-25.0,-0.0019369476319057,50.7197752,-1.8393187,34290,32794,50.719271,-1.839062,0.1355419158935547,ERDDAP masked (land/foreshore): value from WCS emodnet__mean,,-2.25,-0.0158100128173828,-0.0158100128173828,0.1355419158935547,4.263258997891986,,,,,,,,,,
-20.0,-0.0019369476319057,50.7197306,-1.8393106,34290,32794,50.719271,-1.839062,0.1355419158935547,ERDDAP masked (land/foreshore): value from WCS emodnet__mean,,-2.25,-0.0158100128173828,-0.0158100128173828,0.1355419158935547,3.8966907602819054,,,,,,,,,,
-15.0,-0.0019369476319057,50.7196859,-1.8393024,34290,32794,50.719271,-1.839062,0.1355419158935547,ERDDAP masked (land/foreshore): value from WCS emodnet__mean,,-2.25,-0.0158100128173828,-0.0158100128173828,0.1355419158935547,3.529624394543802,,,,,,,,,,
-10.0,-0.0019369476319057,50.7196413,-1.8392943,34290,32794,50.719271,-1.839062,0.1355419158935547,ERDDAP masked (land/foreshore): value from WCS emodnet__mean,,-2.25,-0.0158100128173828,-0.0158100128173828,0.1355419158935547,3.1637379358279976,,,,,,,,,,
-5.0,-0.0019369476319057,50.7195966,-1.8392862,34290,32794,50.719271,-1.839062,0.1355419158935547,ERDDAP masked (land/foreshore): value from WCS emodnet__mean,,-2.25,-0.0158100128173828,-0.0158100128173828,0.1355419158935547,2.797374912516433,,,,,,,,,,
0.0,-0.0019369476319057,50.719552,-1.839278,34290,32794,50.719271,-1.839062,0.1355419158935547,ERDDAP masked (land/foreshore): value from WCS emodnet__mean,,-2.25,-0.0158100128173828,-0.0158100128173828,0.1355419158935547,2.4321536332113323,,,,,,,0.85,0.85,0.85,-0.7144580841064453
5.0,-0.0019369476319057,50.7195073,-1.8392699,34290,32794,50.719271,-1.839062,0.1355419158935547,ERDDAP masked (land/foreshore): value from WCS emodnet__mean,,-2.25,-0.0158100128173828,-0.0158100128173828,0.1355419158935547,2.0664731549214364,,,,,,,0.7500048423690797,0.7500048423690797,0.7500048423690797,-0.614462926475525
10.0,-0.0019369476319057,50.7194627,-1.8392618,34290,32794,50.719271,-1.839062,0.1355419158935547,ERDDAP masked (land/foreshore): value from WCS emodnet__mean,,-2.25,-0.0158100128173828,-0.0158100128173828,0.1355419158935547,1.7019481573272734,,,,,,,0.6400096847381596,0.6400096847381596,0.6400096847381596,-0.5044677688446049
15.0,-0.0019369476319057,50.7194181,-1.8392536,34290,32794,50.719271,-1.839062,0.1355419158935547,ERDDAP masked (land/foreshore): value from WCS emodnet__mean,,-2.25,-0.0158100128173828,-0.0158100128173828,0.1355419158935547,1.3377546021104538,,,,,,,0.5350048423690799,0.5350048423690799,0.5350048423690799,-0.39946292647552517
20.0,-0.0019369476319057,50.7193734,-1.8392455,34290,32794,50.719271,-1.839062,0.1355419158935547,ERDDAP masked (land/foreshore): value from WCS emodnet__mean,,-2.25,-0.0158100128173828,-0.0158100128173828,0.1355419158935547,0.9730967004651982,,,,,,,0.42999999999999994,0.42999999999999994,0.42999999999999994,-0.29445808410644525
25.0,-0.0019369476319057,50.7193288,-1.8392373,34290,32794,50.719271,-1.839062,0.1355419158935547,ERDDAP masked (land/foreshore): value from WCS emodnet__mean,,-2.25,-0.0158100128173828,-0.0158100128173828,0.1355419158935547,0.6095891220021481,,,,,,,0.3150048423690799,0.3150048423690799,0.3150048423690799,-0.1794629264755252
30.0,-0.0019369476319057,50.7192841,-1.8392292,34290,32794,50.719271,-1.839062,0.1355419158935547,ERDDAP masked (land/foreshore): value from WCS emodnet__mean,,-2.25,-0.0158100128173828,-0.0158100128173828,0.1355419158935547,0.2456137654403654,,,,,,,0.20999999999999996,0.20999999999999996,0.20999999999999996,-0.07445808410644528
35.0,-0.0019369476319057,50.7192395,-1.8392211,34290,32794,50.719271,-1.839062,0.1355419158935547,ERDDAP masked (land/foreshore): value from WCS emodnet__mean,,-2.25,-0.0158100128173828,-0.0158100128173828,0.1355419158935547,0.0103086319352839,,,,,,,0.09500484236907969,0.09500484236907969,0.09500484236907969,0.040537073524475
40.0,-0.0019369476319057,50.7191948,-1.8392129,34290,32794,50.719271,-1.839062,0.1355419158935547,ERDDAP masked (land/foreshore): value from WCS emodnet__mean,,-2.25,-0.0158100128173828,-0.0158100128173828,0.1355419158935547,-0.1709639463735435,,,,,,,-0.010000000000000009,-0.010000000000000009,-0.010000000000000009,0.1455419158935547
45.0,-0.0019369476319057,50.7191502,-1.8392048,34290,32794,50.719271,-1.839062,0.1355419158935547,ERDDAP masked (land/foreshore): value from WCS emodnet__mean,,-2.25,-0.0158100128173828,-0.0158100128173828,0.1355419158935547,-0.3513693504958916,,,,,,,-0.1249951576309205,-0.1249951576309205,-0.1249951576309205,0.2605370735244752
50.0,-0.0019369476319057,50.7191055,-1.8391967,34290,32794,50.719271,-1.839062,0.1355419158935547,ERDDAP masked (land/foreshore): value from WCS emodnet__mean,,-2.25,-0.0158100128173828,-0.0158100128173828,0.1355419158935547,-0.531717671939171,,,,,,,-0.23999031526184056,-0.23999031526184056,-0.23999031526184056,0.37553223115539525
55.0,-0.0019369476319057,50.7190609,-1.8391885,34290,32794,50.719271,-1.839062,0.1355419158935547,ERDDAP masked (land/foreshore): value from WCS emodnet__mean,,-2.25,-0.0158100128173828,-0.0158100128173828,0.1355419158935547,-0.7111870076389862,,,,,,,-0.34999031526184043,-0.34999031526184043,-0.34999031526184043,0.4855322311553951
60.0,-0.0019369476319057,50.7190162,-1.8391804,34290,32794,50.719271,-1.839062,0.1355419158935547,ERDDAP masked (land/foreshore): value from WCS emodnet__mean,,-2.25,-0.0158100128173828,-0.0158100128173828,0.1355419158935547,-0.8906074989055939,,,,,,,-0.45999031526184053,-0.45999031526184053,-0.45999031526184053,0.5955322311553952
65.0,-0.0019369476319057,50.7189716,-1.8391722,34290,32794,50.719271,-1.839062,0.1355419158935547,ERDDAP masked (land/foreshore): value from WCS emodnet__mean,,-2.25,-0.0158100128173828,-0.0158100128173828,0.1355419158935547,-1.0691443395247853,,,,,,,-0.5699903152618404,-0.5699903152618404,-0.5699903152618404,0.7055322311553951
70.0,-0.0019369476319057,50.7189269,-1.8391641,34290,32794,50.719271,-1.839062,0.1355419158935547,ERDDAP masked (land/foreshore): value from WCS emodnet__mean,,-2.25,-0.0158100128173828,-0.0158100128173828,0.1355419158935547,-1.2476370006452309,,,,,,,-0.6799903152618407,-0.6799903152618407,-0.6799903152618407,0.8155322311553954
75.0,-0.0019369476319057,50.7188823,-1.839156,34290,32794,50.719271,-1.839062,0.1355419158935547,ERDDAP masked (land/foreshore): value from WCS emodnet__mean,,-2.25,-0.0158100128173828,-0.0158100128173828,0.1355419158935547,-1.425264889148414,,,,,,,-0.7949854728927606,-0.7949854728927606,-0.7949854728927606,0.9305273887863152
80.0,-0.0019369476319057,50.7188376,-1.8391478,34290,32794,50.719271,-1.839062,0.1355419158935547,ERDDAP masked (land/foreshore): value from WCS emodnet__mean,,-2.25,-0.0158100128173828,-0.0158100128173828,0.1355419158935547,-1.602806177096984,,,,,,,-0.9099806305236813,-0.9099806305236813,-0.9099806305236813,1.045522546417236
85.0,-0.0019369476319057,50.718793,-1.8391397,34290,32794,50.719271,-1.839062,0.1355419158935547,ERDDAP masked (land/foreshore): value from WCS emodnet__mean,,-2.25,-0.0158100128173828,-0.0158100128173828,0.1355419158935547,-1.779507277036722,,,,,,,-1.0149854728927608,-1.0149854728927608,-1.0149854728927608,1.1505273887863154
90.0,-0.0019369476319057,50.7187483,-1.8391316,34289,32794,50.718229,-1.839062,-3.99,ERDDAP DTM2024 sea cell,,1.3899999856948853,-3.990000009536743,-3.990000009536743,-3.990000009536743,-1.9561471342303296,-4.66,-2.8,0.85,4.0,15724.0,False,-1.129980630523681,-1.129980630523681,-1.129980630523681,-2.860019369476319
95.0,-0.0019369476319057,50.7187037,-1.8391234,34289,32794,50.718229,-1.839062,-3.99,ERDDAP DTM2024 sea cell,,1.3899999856948853,-3.990000009536743,-3.990000009536743,-3.990000009536743,-2.1318893396721683,-4.66,-2.8,0.85,4.0,15724.0,False,-1.234980630523681,-1.234980630523681,-1.234980630523681,-2.755019369476319
100.0,-0.0019369476319057,50.718659,-1.8391153,34289,32794,50.718229,-1.839062,-3.99,ERDDAP DTM2024 sea cell,,1.3899999856948853,-3.990000009536743,-3.990000009536743,-3.990000009536743,-2.307601366686888,-4.66,-2.8,0.85,4.0,15724.0,False,-1.3399806305236805,-1.3399806305236805,-1.3399806305236805,-2.6500193694763197
105.0,-0.0019369476319057,50.7186144,-1.8391071,34289,32794,50.718229,-1.839062,-3.99,ERDDAP DTM2024 sea cell,,1.3899999856948853,-3.990000009536743,-3.990000009536743,-3.990000009536743,-2.482411077048102,-4.66,-2.8,0.85,4.0,15724.0,False,-1.4399806305236806,-1.4399806305236806,-1.4399806305236806,-2.5500193694763196
110.0,-0.0019369476319057,50.7185697,-1.839099,34289,32794,50.718229,-1.839062,-3.99,ERDDAP DTM2024 sea cell,,1.3899999856948853,-3.990000009536743,-3.990000009536743,-3.990000009536743,-2.657195273882852,-4.66,-2.8,0.85,4.0,15724.0,False,-1.5399709457855213,-1.5399709457855213,-1.5399709457855213,-2.450029054214479
115.0,-0.0019369476319057,50.7185251,-1.8390909,34289,32794,50.718229,-1.839062,-3.99,ERDDAP DTM2024 sea cell,,1.3899999856948853,-3.990000009536743,-3.990000009536743,-3.990000009536743,-2.8311188582089795,-4.66,-2.8,0.85,4.0,15724.0,False,-1.6549709457855215,-1.6549709457855215,-1.6549709457855215,-2.3350290542144787
120.0,-0.0019369476319057,50.7184804,-1.8390827,34289,32794,50.718229,-1.839062,-3.99,ERDDAP DTM2024 sea cell,,1.3899999856948853,-3.990000009536743,-3.990000009536743,-3.990000009536743,-3.0049288558582314,-4.66,-2.8,0.85,4.0,15724.0,False,-1.7999515763092022,-1.7999515763092022,-1.7999515763092022,-2.190048423690798
125.0,-0.0019369476319057,50.7184358,-1.8390746,34289,32794,50.718229,-1.839062,-3.99,ERDDAP DTM2024 sea cell,,1.3899999856948853,-3.990000009536743,-3.990000009536743,-3.990000009536743,-3.177925651589718,-4.66,-2.8,0.85,4.0,15724.0,False,-1.9499273644638029,-1.9499273644638029,-1.9499273644638029,-2.0400726355361973
130.0,-0.0019369476319057,50.7183911,-1.8390665,34289,32794,50.718229,-1.839062,-3.99,ERDDAP DTM2024 sea cell,,1.3899999856948853,-3.990000009536743,-3.990000009536743,-3.990000009536743,-3.3508570445592967,-4.66,-2.8,0.85,4.0,15724.0,False,-2.0899418915710424,-2.0899418915710424,-2.0899418915710424,-1.9000581084289578
135.0,-0.0019369476319057,50.7183465,-1.8390583,34289,32794,50.718229,-1.839062,-3.99,ERDDAP DTM2024 sea cell,,1.3899999856948853,-3.990000009536743,-3.990000009536743,-3.990000009536743,-3.52546277720825,-4.66,-2.8,0.85,4.0,15724.0,False,-2.264937049201963,-2.264937049201963,-2.264937049201963,-1.725062950798037
140.0,-0.0019369476319057,50.7183018,-1.8390502,34289,32794,50.718229,-1.839062,-3.99,ERDDAP DTM2024 sea cell,,1.3899999856948853,-3.990000009536743,-3.990000009536743,-3.990000009536743,-3.702811129922892,-4.66,-2.8,0.85,4.0,15724.0,False,-2.3999418915710424,-2.3999418915710424,-2.3999418915710424,-1.5900581084289578
145.0,-0.0019369476319057,50.7182572,-1.839042,34289,32794,50.718229,-1.839062,-3.99,ERDDAP DTM2024 sea cell,,1.3899999856948853,-3.990000009536743,-3.990000009536743,-3.990000009536743,-3.879763578821504,-4.66,-2.8,0.85,4.0,15724.0,False,-2.524966103416441,-2.524966103416441,-2.524966103416441,-1.4650338965835594
150.0,-0.0019369476319057,50.7182125,-1.8390339,34289,32794,50.718229,-1.839062,-3.99,ERDDAP DTM2024 sea cell,,1.3899999856948853,-3.990000009536743,-3.990000009536743,-3.990000009536743,-4.0170025347199925,-4.66,-2.8,0.85,4.0,15724.0,False,-2.6599806305236813,-2.6599806305236813,-2.6599806305236813,-1.330019369476319
155.0,-0.0019369476319057,50.7181679,-1.8390258,34289,32794,50.718229,-1.839062,-3.99,ERDDAP DTM2024 sea cell,,1.3899999856948853,-3.990000009536743,-3.990000009536743,-3.990000009536743,-4.0864504874793335,-4.66,-2.8,0.85,4.0,15724.0,False,-2.799975788154601,-2.799975788154601,-2.799975788154601,-1.1900242118453992
160.0,-0.0019369476319057,50.7181232,-1.8390176,34289,32794,50.718229,-1.839062,-3.99,ERDDAP DTM2024 sea cell,,1.3899999856948853,-3.990000009536743,-3.990000009536743,-3.990000009536743,-4.155786852702063,-4.66,-2.8,0.85,4.0,15724.0,False,-2.88998063052368,-2.88998063052368,-2.88998063052368,-1.1000193694763203
165.0,-0.0019369476319057,50.7180786,-1.8390095,34289,32794,50.718229,-1.839062,-3.99,ERDDAP DTM2024 sea cell,,1.3899999856948853,-3.990000009536743,-3.990000009536743,-3.990000009536743,-4.224700163374496,-4.66,-2.8,0.85,4.0,15724.0,False,-2.929985472892761,-2.929985472892761,-2.929985472892761,-1.0600145271072394
170.0,-0.0019369476319057,50.7180339,-1.8390014,34289,32794,50.718229,-1.839062,-3.99,ERDDAP DTM2024 sea cell,,1.3899999856948853,-3.990000009536743,-3.990000009536743,-3.990000009536743,-4.293501351961436,-4.66,-2.8,0.85,4.0,15724.0,False,-3.01,-3.01,-3.01,-0.9800000000000004
175.0,-0.0019369476319057,50.7179893,-1.8389932,34289,32794,50.718229,-1.839062,-3.99,ERDDAP DTM2024 sea cell,,1.3899999856948853,-3.990000009536743,-3.990000009536743,-3.990000009536743,-4.361876662257863,-4.66,-2.8,0.85,4.0,15724.0,False,-3.054966103416441,-3.054966103416441,-3.054966103416441,-0.9350338965835592
180.0,-0.0019369476319057,50.7179446,-1.8389851,34289,32794,50.718229,-1.839062,-3.99,ERDDAP DTM2024 sea cell,,1.3899999856948853,-3.990000009536743,-3.990000009536743,-3.990000009536743,-4.43014260787532,-4.66,-2.8,0.85,4.0,15724.0,False,-3.1699418915710424,-3.1699418915710424,-3.1699418915710424,-0.8200581084289578
185.0,-0.0019369476319057,50.7179,-1.8389769,34289,32794,50.718229,-1.839062,-3.99,ERDDAP DTM2024 sea cell,,1.3899999856948853,-3.990000009536743,-3.990000009536743,-3.990000009536743,-4.497979984129947,-4.66,-2.8,0.85,4.0,15724.0,False,-3.2899515763092024,-3.2899515763092024,-3.2899515763092024,-0.7000484236907978
190.0,-0.0019369476319057,50.7178553,-1.8389688,34289,32794,50.718229,-1.839062,-3.99,ERDDAP DTM2024 sea cell,,1.3899999856948853,-3.990000009536743,-3.990000009536743,-3.990000009536743,-4.565710686789132,-4.66,-2.8,0.85,4.0,15724.0,False,-3.2899612610473614,-3.2899612610473614,-2.010852256958038,-0.7000387389526388
195.0,-0.0019369476319057,50.7178107,-1.8389607,34289,32794,50.718229,-1.839062,-3.99,ERDDAP DTM2024 sea cell,,1.3899999856948853,-3.990000009536743,-3.990000009536743,-3.990000009536743,-4.633021715321484,-4.66,-2.8,0.85,4.0,15724.0,False,-3.304980630523681,-1.9712783854370572,-0.810561714813252,-0.6850193694763194
200.0,-0.0019369476319057,50.717766,-1.8389525,34289,32794,50.718229,-1.839062,-3.99,ERDDAP DTM2024 sea cell,,1.3899999856948853,-3.990000009536743,-3.990000009536743,-3.990000009536743,-4.700205588678886,-4.66,-2.8,0.85,4.0,15724.0,False,-3.3099903152618406,-1.1105036063842948,-0.23034865057374287,-0.6800096847381596
205.0,-0.0019369476319057,50.7177214,-1.8389444,34289,32794,50.718229,-1.839062,-3.99,ERDDAP DTM2024 sea cell,,1.3899999856948853,-3.990000009536743,-3.990000009536743,-3.990000009536743,-4.766981975126006,-4.66,-2.8,0.85,4.0,15724.0,False,-3.295004842369079,0.05955450204466217,-0.9492445904235578,-0.6949951576309212
210.0,-0.0019369476319057,50.7176767,-1.8389363,34288,32794,50.717188,-1.839062,-5.62,ERDDAP DTM2024 sea cell,,5.199999809265137,-5.619999885559082,-5.619999885559082,-5.619999885559082,-4.833643839663253,-6.21,-4.87,0.43,12.0,15724.0,False,-3.28001936947632,0.5599999999999999,-1.3000193694763191,-2.33998063052368
215.0,-0.0019369476319057,50.7176321,-1.8389281,34288,32794,50.717188,-1.839062,-5.62,ERDDAP DTM2024 sea cell,,5.199999809265137,-5.619999885559082,-5.619999885559082,-5.619999885559082,-4.899869057916859,-6.21,-4.87,0.43,12.0,15724.0,False,-3.2700242118453993,0.5599999999999999,-0.5605229758606143,-2.349975788154601
220.0,-0.0019369476319057,50.7175874,-1.83892,34288,32794,50.717188,-1.839062,-5.62,ERDDAP DTM2024 sea cell,,5.199999809265137,-5.619999885559082,-5.619999885559082,-5.619999885559082,-4.965995679485069,-6.21,-4.87,0.43,12.0,15724.0,False,-3.270029054214479,0.5599999999999999,-0.029903152618404816,-2.349970945785521
225.0,-0.0019369476319057,50.7175428,-1.8389118,34288,32794,50.717188,-1.839062,-5.62,ERDDAP DTM2024 sea cell,,5.199999809265137,-5.619999885559082,-5.619999885559082,-5.619999885559082,-5.031682963720303,-6.21,-4.87,0.43,12.0,15724.0,False,-3.2900290542144788,0.5599999999999999,-0.45980630523680954,-2.3299709457855213
230.0,-0.0019369476319057,50.7174982,-1.8389037,34288,32794,50.717188,-1.839062,-5.62,ERDDAP DTM2024 sea cell,,5.199999809265137,-5.619999885559082,-5.619999885559082,-5.619999885559082,-5.097123716316319,-6.21,-4.87,0.43,12.0,15724.0,False,-3.3400387389526385,0.5599999999999999,-0.3397481968078526,-2.2799612610473616
235.0,-0.0019369476319057,50.7174535,-1.8388956,34288,32794,50.717188,-1.839062,-5.62,ERDDAP DTM2024 sea cell,,5.199999809265137,-5.619999885559082,-5.619999885559082,-5.619999885559082,-5.162448446636786,-6.21,-4.87,0.43,12.0,15724.0,False,-3.4300290542144785,0.5599999999999999,-0.9701162168579147,-2.1899709457855216
240.0,-0.0019369476319057,50.7174089,-1.8388874,34288,32794,50.717188,-1.839062,-5.62,ERDDAP DTM2024 sea cell,,5.199999809265137,-5.619999885559082,-5.619999885559082,-5.619999885559082,-5.2273298029965165,-6.21,-4.87,0.43,12.0,15724.0,False,-3.5500290542144786,0.4302518031921474,-1.0700774779052762,-2.0699709457855215
245.0,-0.0019369476319057,50.7173642,-1.8388793,34288,32794,50.717188,-1.839062,-5.62,ERDDAP DTM2024 sea cell,,5.199999809265137,-5.619999885559082,-5.619999885559082,-5.619999885559082,-5.292119290348571,-6.21,-4.87,0.43,12.0,15724.0,False,-3.705029054214479,-1.0395932409973003,-0.9599031526184048,-1.9149709457855213
250.0,-0.0019369476319057,50.7173196,-1.8388712,34288,32794,50.717188,-1.839062,-5.62,ERDDAP DTM2024 sea cell,,5.199999809265137,-5.619999885559082,-5.619999885559082,-5.619999885559082,-5.356492402902484,-6.21,-4.87,0.43,12.0,15724.0,False,-3.8900193694763185,-2.419496393615705,-2.019612610473619,-1.7299806305236816
255.0,-0.0019369476319057,50.7172749,-1.838863,34288,32794,50.717188,-1.839062,-5.62,ERDDAP DTM2024 sea cell,,5.199999809265137,-5.619999885559082,-5.619999885559082,-5.619999885559082,-5.420716957051318,-6.21,-4.87,0.43,12.0,15724.0,False,-4.090009684738159,-4.090009684738159,-2.979418915710429,-1.5299903152618413
260.0,-0.0019369476319057,50.7172303,-1.8388549,34288,32794,50.717188,-1.839062,-5.62,ERDDAP DTM2024 sea cell,,5.199999809265137,-5.619999885559082,-5.619999885559082,-5.619999885559082,-5.484555427527023,-6.21,-4.87,0.43,12.0,15724.0,False,-4.3,-4.3,-4.019748196807853,-1.3200000000000003
265.0,-0.0019369476319057,50.7171856,-1.8388467,34288,32794,50.717188,-1.839062,-5.62,ERDDAP DTM2024 sea cell,,5.199999809265137,-5.619999885559082,-5.619999885559082,-5.619999885559082,-5.548352769121149,-6.21,-4.87,0.43,12.0,15724.0,False,-4.474990315261841,-4.474990315261841,-4.474990315261841,-1.1450096847381595
270.0,-0.0019369476319057,50.717141,-1.8388386,34288,32794,50.717188,-1.839062,-5.62,ERDDAP DTM2024 sea cell,,5.199999809265137,-5.619999885559082,-5.619999885559082,-5.619999885559082,-5.6147071158209965,-6.21,-4.87,0.43,12.0,15724.0,False,-4.5600096847381595,-4.5600096847381595,-4.5600096847381595,-1.0599903152618406
275.0,-0.0019369476319057,50.7170963,-1.8388305,34288,32794,50.717188,-1.839062,-5.62,ERDDAP DTM2024 sea cell,,5.199999809265137,-5.619999885559082,-5.619999885559082,-5.619999885559082,-5.681789782082524,-6.21,-4.87,0.43,12.0,15724.0,False,-4.650014527107239,-4.650014527107239,-4.650014527107239,-0.9699854728927608
280.0,-0.0019369476319057,50.7170517,-1.8388223,34288,32794,50.717188,-1.839062,-5.62,ERDDAP DTM2024 sea cell,,5.199999809265137,-5.619999885559082,-5.619999885559082,-5.619999885559082,-5.749266277544184,-6.21,-4.87,0.43,12.0,15724.0,False,-4.69000968473816,-4.69000968473816,-4.69000968473816,-0.9299903152618398
285.0,-0.0019369476319057,50.717007,-1.8388142,34288,32794,50.717188,-1.839062,-5.62,ERDDAP DTM2024 sea cell,,5.199999809265137,-5.619999885559082,-5.619999885559082,-5.619999885559082,-5.817499716143613,-6.21,-4.87,0.43,12.0,15724.0,False,-4.705038738952639,-4.705038738952639,-4.705038738952639,-0.9149612610473614
290.0,-0.0019369476319057,50.7169624,-1.8388061,34288,32794,50.717188,-1.839062,-5.62,ERDDAP DTM2024 sea cell,,5.199999809265137,-5.619999885559082,-5.619999885559082,-5.619999885559082,-5.886149488845637,-6.21,-4.87,0.43,12.0,15724.0,False,-4.70000968473816,-4.70000968473816,-4.70000968473816,-0.91999031526184
295.0,-0.0019369476319057,50.7169177,-1.8387979,34288,32794,50.717188,-1.839062,-5.62,ERDDAP DTM2024 sea cell,,5.199999809265137,-5.619999885559082,-5.619999885559082,-5.619999885559082,-5.955516980683291,-6.21,-4.87,0.43,12.0,15724.0,False,-4.740019369476319,-4.740019369476319,-4.740019369476319,-0.879980630523681
300.0,-0.0019369476319057,50.7168731,-1.8387898,34288,32794,50.717188,-1.839062,-5.62,ERDDAP DTM2024 sea cell,,5.199999809265137,-5.619999885559082,-5.619999885559082,-5.619999885559082,-6.02531623382627,-6.21,-4.87,0.43,12.0,15724.0,False,-4.790019369476319,-4.790019369476319,-4.790019369476319,-0.8299806305236812
305.0,-0.0019369476319057,50.7168284,-1.8387817,34288,32794,50.717188,-1.839062,-5.62,ERDDAP DTM2024 sea cell,,5.199999809265137,-5.619999885559082,-5.619999885559082,-5.619999885559082,-6.095847674287651,-6.21,-4.87,0.43,12.0,15724.0,False,-4.840024211845399,-4.840024211845399,-4.840024211845399,-0.7799757881546014
310.0,-0.0019369476319057,50.7167838,-1.8387735,34288,32794,50.717188,-1.839062,-5.62,ERDDAP DTM2024 sea cell,,5.199999809265137,-5.619999885559082,-5.619999885559082,-5.619999885559082,-6.166790309284225,-6.21,-4.87,0.43,12.0,15724.0,False,-4.890029054214478,-4.890029054214478,-4.890029054214478,-0.7299709457855217
315.0,-0.0019369476319057,50.7167391,-1.8387654,34288,32794,50.717188,-1.839062,-5.62,ERDDAP DTM2024 sea cell,,5.199999809265137,-5.619999885559082,-5.619999885559082,-5.619999885559082,-6.238472522096233,-6.21,-4.87,0.43,12.0,15724.0,False,-4.96501936947632,-4.96501936947632,-4.96501936947632,-0.6549806305236805
320.0,-0.0019369476319057,50.7166945,-1.8387572,34288,32794,50.717188,-1.839062,-5.62,ERDDAP DTM2024 sea cell,,5.199999809265137,-5.619999885559082,-5.619999885559082,-5.619999885559082,-6.310571715220771,-6.21,-4.87,0.43,12.0,15724.0,False,-5.040019369476319,-5.040019369476319,-5.040019369476319,-0.5799806305236812
325.0,-0.0019369476319057,50.7166498,-1.8387491,34287,32794,50.716146,-1.839062,-7.05,ERDDAP DTM2024 sea cell,,6.800000190734863,-7.050000190734863,-7.050000190734863,-7.050000190734863,-6.3834047003707015,-7.67,-6.37,0.43,16.0,15724.0,False,-5.125024211845399,-5.125024211845399,-5.125024211845399,-1.924975788154601
330.0,-0.0019369476319057,50.7166052,-1.838741,34287,32794,50.716146,-1.839062,-7.05,ERDDAP DTM2024 sea cell,,6.800000190734863,-7.050000190734863,-7.050000190734863,-7.050000190734863,-6.456648859933699,-7.67,-6.37,0.43,16.0,15724.0,False,-5.210029054214479,-5.210029054214479,-5.210029054214479,-1.8399709457855211
335.0,-0.0019369476319057,50.7165605,-1.8387328,34287,32794,50.716146,-1.839062,-7.05,ERDDAP DTM2024 sea cell,,6.800000190734863,-7.050000190734863,-7.050000190734863,-7.050000190734863,-6.530644209123837,-7.67,-6.37,0.43,16.0,15724.0,False,-5.3050242118453985,-5.3050242118453985,-5.3050242118453985,-1.7449757881546013
340.0,-0.0019369476319057,50.7165159,-1.8387247,34287,32794,50.716146,-1.839062,-7.05,ERDDAP DTM2024 sea cell,,6.800000190734863,-7.050000190734863,-7.050000190734863,-7.050000190734863,-6.605037849126958,-7.67,-6.37,0.43,16.0,15724.0,False,-5.40001936947632,-5.40001936947632,-5.40001936947632,-1.6499806305236797
345.0,-0.0019369476319057,50.7164712,-1.8387166,34287,32794,50.716146,-1.839062,-7.05,ERDDAP DTM2024 sea cell,,6.800000190734863,-7.050000190734863,-7.050000190734863,-7.050000190734863,-6.680168836127287,-7.67,-6.37,0.43,16.0,15724.0,False,-5.495024211845399,-5.495024211845399,-5.495024211845399,-1.554975788154601
350.0,-0.0019369476319057,50.7164266,-1.8387084,34287,32794,50.716146,-1.839062,-7.05,ERDDAP DTM2024 sea cell,,6.800000190734863,-7.050000190734863,-7.050000190734863,-7.050000190734863,-6.755734168796858,-7.67,-6.37,0.43,16.0,15724.0,False,-5.59001936947632,-5.59001936947632,-5.59001936947632,-1.4599806305236802
355.0,-0.0019369476319057,50.7163819,-1.8387003,34287,32794,50.716146,-1.839062,-7.05,ERDDAP DTM2024 sea cell,,6.800000190734863,-7.050000190734863,-7.050000190734863,-7.050000190734863,-6.832015928137036,-7.67,-6.37,0.43,16.0,15724.0,False,-5.690019369476318,-5.690019369476318,-5.690019369476318,-1.3599806305236815
360.0,-0.0019369476319057,50.7163373,-1.8386922,34287,32794,50.716146,-1.839062,-7.05,ERDDAP DTM2024 sea cell,,6.800000190734863,-7.050000190734863,-7.050000190734863,-7.050000190734863,-6.908704994130512,-7.67,-6.37,0.43,16.0,15724.0,False,-5.790019369476319,-5.790019369476319,-5.790019369476319,-1.259980630523681
365.0,-0.0019369476319057,50.7162926,-1.838684,34287,32794,50.716146,-1.839062,-7.05,ERDDAP DTM2024 sea cell,,6.800000190734863,-7.050000190734863,-7.050000190734863,-7.050000190734863,-6.986170350625377,-7.67,-6.37,0.43,16.0,15724.0,False,-5.8800242118454,-5.8800242118454,-5.8800242118454,-1.1699757881546002
370.0,-0.0019369476319057,50.716248,-1.8386759,34287,32794,50.716146,-1.839062,-7.05,ERDDAP DTM2024 sea cell,,6.800000190734863,-7.050000190734863,-7.050000190734863,-7.050000190734863,-7.064008897058439,-7.67,-6.37,0.43,16.0,15724.0,False,-5.980019369476319,-5.980019369476319,-5.980019369476319,-1.0699806305236805
375.0,-0.0019369476319057,50.7162033,-1.8386677,34287,32794,50.716146,-1.839062,-7.05,ERDDAP DTM2024 sea cell,,6.800000190734863,-7.050000190734863,-7.050000190734863,-7.050000190734863,-7.142632103601792,-7.67,-6.37,0.43,16.0,15724.0,False,-6.080019369476319,-6.080019369476319,-6.080019369476319,-0.9699806305236809
380.0,-0.0019369476319057,50.7161587,-1.8386596,34287,32794,50.716146,-1.839062,-7.05,ERDDAP DTM2024 sea cell,,6.800000190734863,-7.050000190734863,-7.050000190734863,-7.050000190734863,-7.221620130477784,-7.67,-6.37,0.43,16.0,15724.0,False,-6.170019369476319,-6.170019369476319,-6.170019369476319,-0.879980630523681
385.0,-0.0019369476319057,50.716114,-1.8386515,34287,32794,50.716146,-1.839062,-7.05,ERDDAP DTM2024 sea cell,,6.800000190734863,-7.050000190734863,-7.050000190734863,-7.050000190734863,-7.293168018262511,-7.67,-6.37,0.43,16.0,15724.0,False,,,,
390.0,-0.0019369476319057,50.7160694,-1.8386433,34287,32794,50.716146,-1.839062,-7.05,ERDDAP DTM2024 sea cell,,6.800000190734863,-7.050000190734863,-7.050000190734863,-7.050000190734863,-7.361441236111787,-7.67,-6.37,0.43,16.0,15724.0,False,,,,
395.0,-0.0019369476319057,50.7160247,-1.8386352,34287,32794,50.716146,-1.839062,-7.05,ERDDAP DTM2024 sea cell,,6.800000190734863,-7.050000190734863,-7.050000190734863,-7.050000190734863,-7.429863759587706,-7.67,-6.37,0.43,16.0,15724.0,False,,,,
400.0,-0.0019369476319057,50.7159801,-1.8386271,34287,32794,50.716146,-1.839062,-7.05,ERDDAP DTM2024 sea cell,,6.800000190734863,-7.050000190734863,-7.050000190734863,-7.050000190734863,-7.498195342250884,-7.67,-6.37,0.43,16.0,15724.0,False,,,,
405.0,-0.0019369476319057,50.7159354,-1.8386189,34287,32794,50.716146,-1.839062,-7.05,ERDDAP DTM2024 sea cell,,6.800000190734863,-7.050000190734863,-7.050000190734863,-7.050000190734863,-7.566774136176326,-7.67,-6.37,0.43,16.0,15724.0,False,,,,
410.0,-0.0019369476319057,50.7158908,-1.8386108,34287,32794,50.716146,-1.839062,-7.05,ERDDAP DTM2024 sea cell,,6.800000190734863,-7.050000190734863,-7.050000190734863,-7.050000190734863,-7.635212647204142,-7.67,-6.37,0.43,16.0,15724.0,False,,,,
415.0,-0.0019369476319057,50.7158461,-1.8386026,34287,32794,50.716146,-1.839062,-7.05,ERDDAP DTM2024 sea cell,,6.800000190734863,-7.050000190734863,-7.050000190734863,-7.050000190734863,-7.703899148039297,-7.67,-6.37,0.43,16.0,15724.0,False,,,,
420.0,-0.0019369476319057,50.7158015,-1.8385945,34287,32794,50.716146,-1.839062,-7.05,ERDDAP DTM2024 sea cell,,6.800000190734863,-7.050000190734863,-7.050000190734863,-7.050000190734863,-7.77244458742081,-7.67,-6.37,0.43,16.0,15724.0,False,,,,
425.0,-0.0019369476319057,50.7157568,-1.8385864,34287,32794,50.716146,-1.839062,-7.05,ERDDAP DTM2024 sea cell,,6.800000190734863,-7.050000190734863,-7.050000190734863,-7.050000190734863,-7.841187926912594,-7.67,-6.37,0.43,16.0,15724.0,False,,,,
430.0,-0.0019369476319057,50.7157122,-1.8385782,34287,32794,50.716146,-1.839062,-7.05,ERDDAP DTM2024 sea cell,,6.800000190734863,-7.050000190734863,-7.050000190734863,-7.050000190734863,-7.909891162911828,-7.67,-6.37,0.43,16.0,15724.0,False,,,,
435.0,-0.0019369476319057,50.7156675,-1.8385701,34287,32794,50.716146,-1.839062,-7.05,ERDDAP DTM2024 sea cell,,6.800000190734863,-7.050000190734863,-7.050000190734863,-7.050000190734863,-7.978741550933829,-7.67,-6.37,0.43,16.0,15724.0,False,,,,
440.0,-0.0019369476319057,50.7156229,-1.838562,34286,32794,50.715104,-1.839062,-8.52,ERDDAP DTM2024 sea cell,,8.199999809265137,-8.520000457763672,-8.520000457763672,-8.520000457763672,-8.047500518196157,-9.28,-7.78,0.48,16.0,15724.0,False,,,,
445.0,-0.0019369476319057,50.7155782,-1.8385538,34286,32794,50.715104,-1.839062,-8.52,ERDDAP DTM2024 sea cell,,8.199999809265137,-8.520000457763672,-8.520000457763672,-8.520000457763672,-8.116509810229415,-9.28,-7.78,0.48,16.0,15724.0,False,,,,
450.0,-0.0019369476319057,50.7155336,-1.8385457,34286,32794,50.715104,-1.839062,-8.52,ERDDAP DTM2024 sea cell,,8.199999809265137,-8.520000457763672,-8.520000457763672,-8.520000457763672,-8.18537570584544,-9.28,-7.78,0.48,16.0,15724.0,False,,,,
455.0,-0.0019369476319057,50.715489,-1.8385376,34286,32795,50.715104,-1.838021,-9.1,ERDDAP DTM2024 sea cell,,9.0,-9.100000381469728,-9.100000381469728,-9.100000381469728,-8.254294871376205,-9.62,-8.24,0.36,16.0,15724.0,False,,,,
460.0,-0.0019369476319057,50.7154443,-1.8385294,34286,32795,50.715104,-1.838021,-9.1,ERDDAP DTM2024 sea cell,,9.0,-9.100000381469728,-9.100000381469728,-9.100000381469728,-8.323465528769074,-9.62,-8.24,0.36,16.0,15724.0,False,,,,
465.0,-0.0019369476319057,50.7153997,-1.8385213,34286,32795,50.715104,-1.838021,-9.1,ERDDAP DTM2024 sea cell,,9.0,-9.100000381469728,-9.100000381469728,-9.100000381469728,-8.392491622657598,-9.62,-8.24,0.36,16.0,15724.0,False,,,,
470.0,-0.0019369476319057,50.715355,-1.8385132,34286,32795,50.715104,-1.838021,-9.1,ERDDAP DTM2024 sea cell,,9.0,-9.100000381469728,-9.100000381469728,-9.100000381469728,-8.461716156325714,-9.62,-8.24,0.36,16.0,15724.0,False,,,,
475.0,-0.0019369476319057,50.7153104,-1.838505,34286,32795,50.715104,-1.838021,-9.1,ERDDAP DTM2024 sea cell,,9.0,-9.100000381469728,-9.100000381469728,-9.100000381469728,-8.530903009205232,-9.62,-8.24,0.36,16.0,15724.0,False,,,,
480.0,-0.0019369476319057,50.7152657,-1.8384969,34286,32795,50.715104,-1.838021,-9.1,ERDDAP DTM2024 sea cell,,9.0,-9.100000381469728,-9.100000381469728,-9.100000381469728,-8.600234591407622,-9.62,-8.24,0.36,16.0,15724.0,False,,,,
485.0,-0.0019369476319057,50.7152211,-1.8384887,34286,32795,50.715104,-1.838021,-9.1,ERDDAP DTM2024 sea cell,,9.0,-9.100000381469728,-9.100000381469728,-9.100000381469728,-8.669529031031272,-9.62,-8.24,0.36,16.0,15724.0,False,,,,
490.0,-0.0019369476319057,50.7151764,-1.8384806,34286,32795,50.715104,-1.838021,-9.1,ERDDAP DTM2024 sea cell,,9.0,-9.100000381469728,-9.100000381469728,-9.100000381469728,-8.738967661779078,-9.62,-8.24,0.36,16.0,15724.0,False,,,,
495.0,-0.0019369476319057,50.7151318,-1.8384725,34286,32795,50.715104,-1.838021,-9.1,ERDDAP DTM2024 sea cell,,9.0,-9.100000381469728,-9.100000381469728,-9.100000381469728,-8.808314211871869,-9.62,-8.24,0.36,16.0,15724.0,False,,,,
500.0,-0.0019369476319057,50.7150871,-1.8384643,34286,32795,50.715104,-1.838021,-9.1,ERDDAP DTM2024 sea cell,,9.0,-9.100000381469728,-9.100000381469728,-9.100000381469728,-8.872841087639816,-9.62,-8.24,0.36,16.0,15724.0,False,,,,
505.0,-0.0019369476319057,50.7150425,-1.8384562,34286,32795,50.715104,-1.838021,-9.1,ERDDAP DTM2024 sea cell,,9.0,-9.100000381469728,-9.100000381469728,-9.100000381469728,-8.928849910420965,-9.62,-8.24,0.36,16.0,15724.0,False,,,,
510.0,-0.0019369476319057,50.7149978,-1.8384481,34286,32795,50.715104,-1.838021,-9.1,ERDDAP DTM2024 sea cell,,9.0,-9.100000381469728,-9.100000381469728,-9.100000381469728,-8.984760974169358,-9.62,-8.24,0.36,16.0,15724.0,False,,,,
515.0,-0.0019369476319057,50.7149532,-1.8384399,34286,32795,50.715104,-1.838021,-9.1,ERDDAP DTM2024 sea cell,,9.0,-9.100000381469728,-9.100000381469728,-9.100000381469728,-9.04039462666126,-9.62,-8.24,0.36,16.0,15724.0,False,,,,
520.0,-0.0019369476319057,50.7149085,-1.8384318,34286,32795,50.715104,-1.838021,-9.1,ERDDAP DTM2024 sea cell,,9.0,-9.100000381469728,-9.100000381469728,-9.100000381469728,-9.09587749627216,-9.62,-8.24,0.36,16.0,15724.0,False,,,,
525.0,-0.0019369476319057,50.7148639,-1.8384237,34286,32795,50.715104,-1.838021,-9.1,ERDDAP DTM2024 sea cell,,9.0,-9.100000381469728,-9.100000381469728,-9.100000381469728,-9.151032207542483,-9.62,-8.24,0.36,16.0,15724.0,False,,,,
530.0,-0.0019369476319057,50.7148192,-1.8384155,34286,32795,50.715104,-1.838021,-9.1,ERDDAP DTM2024 sea cell,,9.0,-9.100000381469728,-9.100000381469728,-9.100000381469728,-9.206135477285128,-9.62,-8.24,0.36,16.0,15724.0,False,,,,
535.0,-0.0019369476319057,50.7147746,-1.8384074,34286,32795,50.715104,-1.838021,-9.1,ERDDAP DTM2024 sea cell,,9.0,-9.100000381469728,-9.100000381469728,-9.100000381469728,-9.260862475145528,-9.62,-8.24,0.36,16.0,15724.0,False,,,,
540.0,-0.0019369476319057,50.7147299,-1.8383992,34286,32795,50.715104,-1.838021,-9.1,ERDDAP DTM2024 sea cell,,9.0,-9.100000381469728,-9.100000381469728,-9.100000381469728,-9.31553491719691,-9.62,-8.24,0.36,16.0,15724.0,False,,,,
545.0,-0.0019369476319057,50.7146853,-1.8383911,34286,32795,50.715104,-1.838021,-9.1,ERDDAP DTM2024 sea cell,,9.0,-9.100000381469728,-9.100000381469728,-9.100000381469728,-9.369834201639202,-9.62,-8.24,0.36,16.0,15724.0,False,,,,
550.0,-0.0019369476319057,50.7146406,-1.838383,34286,32795,50.715104,-1.838021,-9.1,ERDDAP DTM2024 sea cell,,9.0,-9.100000381469728,-9.100000381469728,-9.100000381469728,-9.424033807149968,-9.62,-8.24,0.36,16.0,15724.0,False,,,,
555.0,-0.0019369476319057,50.714596,-1.8383748,34286,32795,50.715104,-1.838021,-9.1,ERDDAP DTM2024 sea cell,,9.0,-9.100000381469728,-9.100000381469728,-9.100000381469728,-9.477947387042043,-9.62,-8.24,0.36,16.0,15724.0,False,,,,
560.0,-0.0019369476319057,50.7145513,-1.8383667,34285,32795,50.714062,-1.838021,-10.17,ERDDAP DTM2024 sea cell,,10.0,-10.170000076293944,-10.170000076293944,-10.170000076293944,-9.531718798437216,-10.53,-9.73,0.28,16.0,15724.0,False,,,,
565.0,-0.0019369476319057,50.7145067,-1.8383586,34285,32795,50.714062,-1.838021,-10.17,ERDDAP DTM2024 sea cell,,10.0,-10.170000076293944,-10.170000076293944,-10.170000076293944,-9.585163971342336,-10.53,-9.73,0.28,16.0,15724.0,False,,,,
570.0,-0.0019369476319057,50.714462,-1.8383504,34285,32795,50.714062,-1.838021,-10.17,ERDDAP DTM2024 sea cell,,10.0,-10.170000076293944,-10.170000076293944,-10.170000076293944,-9.638545248615678,-10.53,-9.73,0.28,16.0,15724.0,False,,,,
575.0,-0.0019369476319057,50.7144174,-1.8383423,34285,32795,50.714062,-1.838021,-10.17,ERDDAP DTM2024 sea cell,,10.0,-10.170000076293944,-10.170000076293944,-10.170000076293944,-9.691562708108831,-10.53,-9.73,0.28,16.0,15724.0,False,,,,
580.0,-0.0019369476319057,50.7143727,-1.8383342,34285,32795,50.714062,-1.838021,-10.17,ERDDAP DTM2024 sea cell,,10.0,-10.170000076293944,-10.170000076293944,-10.170000076293944,-9.74447904951762,-10.53,-9.73,0.28,16.0,15724.0,False,,,,
585.0,-0.0019369476319057,50.7143281,-1.838326,34285,32795,50.714062,-1.838021,-10.17,ERDDAP DTM2024 sea cell,,10.0,-10.170000076293944,-10.170000076293944,-10.170000076293944,-9.797102903777931,-10.53,-9.73,0.28,16.0,15724.0,False,,,,
590.0,-0.0019369476319057,50.7142834,-1.8383179,34285,32795,50.714062,-1.838021,-10.17,ERDDAP DTM2024 sea cell,,10.0,-10.170000076293944,-10.170000076293944,-10.170000076293944,-9.84959105106581,-10.53,-9.73,0.28,16.0,15724.0,False,,,,
595.0,-0.0019369476319057,50.7142388,-1.8383097,34285,32795,50.714062,-1.838021,-10.17,ERDDAP DTM2024 sea cell,,10.0,-10.170000076293944,-10.170000076293944,-10.170000076293944,-9.90178455835806,-10.53,-9.73,0.28,16.0,15724.0,False,,,,
600.0,-0.0019369476319057,50.7141941,-1.8383016,34285,32795,50.714062,-1.838021,-10.17,ERDDAP DTM2024 sea cell,,10.0,-10.170000076293944,-10.170000076293944,-10.170000076293944,-9.9538445115166,-10.53,-9.73,0.28,16.0,15724.0,False,,,,
605.0,-0.0019369476319057,50.7141495,-1.8382935,34285,32795,50.714062,-1.838021,-10.17,ERDDAP DTM2024 sea cell,,10.0,-10.170000076293944,-10.170000076293944,-10.170000076293944,-10.00558014607742,-10.53,-9.73,0.28,16.0,15724.0,False,,,,
610.0,-0.0019369476319057,50.7141048,-1.8382853,34285,32795,50.714062,-1.838021,-10.17,ERDDAP DTM2024 sea cell,,10.0,-10.170000076293944,-10.170000076293944,-10.170000076293944,-10.057239430869988,-10.53,-9.73,0.28,16.0,15724.0,False,,,,
615.0,-0.0019369476319057,50.7140602,-1.8382772,34285,32795,50.714062,-1.838021,-10.17,ERDDAP DTM2024 sea cell,,10.0,-10.170000076293944,-10.170000076293944,-10.170000076293944,-10.107461372314578,-10.53,-9.73,0.28,16.0,15724.0,False,,,,
620.0,-0.0019369476319057,50.7140155,-1.8382691,34285,32795,50.714062,-1.838021,-10.17,ERDDAP DTM2024 sea cell,,10.0,-10.170000076293944,-10.170000076293944,-10.170000076293944,-10.13762012077908,-10.53,-9.73,0.28,16.0,15724.0,False,,,,
625.0,-0.0019369476319057,50.7139709,-1.8382609,34285,32795,50.714062,-1.838021,-10.17,ERDDAP DTM2024 sea cell,,10.0,-10.170000076293944,-10.170000076293944,-10.170000076293944,-10.167639617425651,-10.53,-9.73,0.28,16.0,15724.0,False,,,,
630.0,-0.0019369476319057,50.7139262,-1.8382528,34285,32795,50.714062,-1.838021,-10.17,ERDDAP DTM2024 sea cell,,10.0,-10.170000076293944,-10.170000076293944,-10.170000076293944,-10.197597648937055,-10.53,-9.73,0.28,16.0,15724.0,False,,,,
635.0,-0.0019369476319057,50.7138816,-1.8382447,34285,32795,50.714062,-1.838021,-10.17,ERDDAP DTM2024 sea cell,,10.0,-10.170000076293944,-10.170000076293944,-10.170000076293944,-10.227392960223629,-10.53,-9.73,0.28,16.0,15724.0,False,,,,
640.0,-0.0019369476319057,50.7138369,-1.8382365,34285,32795,50.714062,-1.838021,-10.17,ERDDAP DTM2024 sea cell,,10.0,-10.170000076293944,-10.170000076293944,-10.170000076293944,-10.257172734038445,-10.53,-9.73,0.28,16.0,15724.0,False,,,,
645.0,-0.0019369476319057,50.7137923,-1.8382284,34285,32795,50.714062,-1.838021,-10.17,ERDDAP DTM2024 sea cell,,10.0,-10.170000076293944,-10.170000076293944,-10.170000076293944,-10.286767553700988,-10.53,-9.73,0.28,16.0,15724.0,False,,,,
650.0,-0.0019369476319057,50.7137476,-1.8382203,34285,32795,50.714062,-1.838021,-10.17,ERDDAP DTM2024 sea cell,,10.0,-10.170000076293944,-10.170000076293944,-10.170000076293944,-10.316324769248189,-10.53,-9.73,0.28,16.0,15724.0,False,,,,
