ki,kj,cell_x,cell_y,cell_area_m2,model_coverage,frac_survey_code0,emodnet_mean,emodnet_min,emodnet_max,emodnet_stdev,emodnet_n,model_seabed_mean,model_seabed_min,model_seabed_max,model_asbuilt_mean,model_asbuilt_max,model_apr2011_mean,model_apr2011_max,delta_vs_seabed,delta_vs_asbuilt,delta_vs_apr2011,reef_in_cell_frac
34287,32792,-174.6,361.2,8525,0.22,0.0,-6.99,-7.61,-6.33,0.46,12.0,-6.690585774058577,-7.4799999999999995,-5.93,-6.690585774058577,-5.93,-6.690585774058577,-5.93,-0.2994142259414234,-0.2994142259414234,-0.2994142259414234,0.0
34287,32793,-101.5,369.7,8525,0.6,0.0,-6.88,-7.53,-6.27,0.44,16.0,-6.60787284144427,-7.3999999999999995,-5.88,-6.60787284144427,-5.88,-6.60787284144427,-5.88,-0.27212715855572966,-0.27212715855572966,-0.27212715855572966,0.0
34287,32794,-28.4,378.1,8525,0.52,0.0,-7.05,-7.67,-6.37,0.43,16.0,-5.956073345259392,-6.89,-5.01,-5.956073345259392,-5.01,-5.956073345259392,-5.01,-1.0939266547406081,-1.0939266547406081,-1.0939266547406081,0.0
34287,32795,44.6,386.6,8525,0.45,0.0,-7.55,-8.62,-6.47,0.72,16.0,-5.362237252861602,-6.07,-4.85,-5.362237252861602,-4.85,-5.362237252861602,-4.85,-2.1877627471383976,-2.1877627471383976,-2.1877627471383976,0.0
34287,32796,117.7,395.1,8525,0.38,0.0,-7.95,-8.8,-6.92,0.67,12.0,-5.133672456575682,-5.63,-4.68,-5.133672456575682,-4.68,-5.133672456575682,-4.68,-2.8163275434243182,-2.8163275434243182,-2.8163275434243182,0.0
34287,32797,190.8,403.5,8525,0.01,0.0,-8.1,-8.8,-7.38,0.51,16.0,-5.1265217391304345,-5.34,-4.82,-5.1265217391304345,-4.82,-5.1265217391304345,-4.82,-2.973478260869565,-2.973478260869565,-2.973478260869565,0.0
34288,32792,-161.3,246.1,8525,0.5,0.0,-5.24,-5.92,-4.45,0.55,9.0,-4.238037914691943,-5.93,-2.6500000000000004,-4.238037914691943,-2.6500000000000004,-4.238037914691943,-2.6500000000000004,-1.0019620853080573,-1.0019620853080573,-1.0019620853080573,0.0
34288,32793,-88.2,254.6,8525,1.0,0.38,-5.53,-6.07,-4.74,0.41,12.0,-4.392531645569621,-6.0,-2.62,-4.392531645569621,-2.62,-4.392531645569621,-2.62,-1.1374683544303794,-1.1374683544303794,-1.1374683544303794,0.0
34288,32794,-15.1,263.0,8525,1.0,0.35,-5.62,-6.21,-4.87,0.43,12.0,-4.22657598499062,-5.84,-2.7,-3.101172607879925,0.5599999999999999,-3.5125938086303936,0.27,-1.39342401500938,-2.518827392120075,-2.1074061913696065,0.366
34288,32795,58.0,271.5,8525,1.0,0.16,-5.26,-6.03,-4.4,0.56,12.0,-3.9559662288930584,-4.97,-2.5100000000000002,-3.9452767354596623,-0.13000000000000012,-3.9421998123827393,-1.0300000000000002,-1.3040337711069414,-1.3147232645403375,-1.3178001876172605,0.007
34288,32796,131.0,279.9,8525,0.91,0.0,-5.76,-6.69,-4.76,0.66,9.0,-3.8020289106866287,-4.81,-2.6100000000000003,-3.8020289106866287,-2.6100000000000003,-3.8020289106866287,-2.6100000000000003,-1.957971089313371,-1.957971089313371,-1.957971089313371,0.0
34289,32792,-147.9,131.0,8525,0.68,0.0,-4.44,-4.44,-4.44,1.0,1.0,-1.3855486542443065,-2.7,-0.29000000000000004,-1.3855486542443065,-0.29000000000000004,-1.3855486542443065,-0.29000000000000004,-3.0544513457556937,-3.0544513457556937,-3.0544513457556937,0.0
34289,32793,-74.9,139.5,8525,1.0,0.1,-4.67,-4.9,-4.48,0.2,4.0,-1.617444809769845,-2.6900000000000004,-0.41000000000000014,-1.617444809769845,-0.41000000000000014,-1.617444809769845,-0.41000000000000014,-3.052555190230155,-3.052555190230155,-3.052555190230155,0.0
34289,32794,-1.8,147.9,8525,1.0,0.63,-3.99,-4.66,-2.8,0.85,4.0,-2.3882270168855535,-3.7,-0.8799999999999999,-2.0878986866791744,0.5599999999999999,-2.095924015009381,0.69,-1.6017729831144467,-1.9021013133208258,-1.8940759849906192,0.106
34289,32795,71.3,156.4,8525,1.0,0.39,-4.03,-4.34,-3.87,0.19,6.0,-1.9069342723004696,-3.2,-0.7800000000000002,-1.8132676056338028,0.5599999999999999,-1.8116150234741788,0.24,-2.1230657276995304,-2.2167323943661974,-2.2183849765258215,0.045
34289,32796,144.4,164.8,8525,0.73,0.0,-4.21,-4.51,-3.98,0.21,5.0,-1.6149742268041238,-2.71,-0.5499999999999998,-1.6149742268041238,-0.5499999999999998,-1.6149742268041238,-0.5499999999999998,-2.595025773195876,-2.595025773195876,-2.595025773195876,0.0
