point,role,x_m,y_m,lat,lon,emodnet_mean_LAT,emodnet_mean_MSL,elev_min,elev_max,value_count,model_seabed_at_point_LAT,model_asbuilt_at_point_LAT,delta_emodnet_minus_model_seabed_at_point,rest_ref_id,wfs2024_ref_id
centre_outline_centroid,reef centre,0.1,226.2,50.717532,-1.838909,-5.62,-7.08,-6.21,-4.87,12,-3.3,0.56,-2.32,117452,117452
drying_patch_centre,reef (Navionics drying patch centre),15.0,208.7,50.717704,-1.838728,-5.62,-7.08,-6.21,-4.87,12,-3.1,0.56,-2.52,117452,117452
survey_peak_Apr2011,reef crest (survey peak),20.1,192.8,50.717851,-1.838682,-3.99,-5.45,-4.66,-2.8,4,-3.34,0.56,-0.65,117452,117452
toe_shoreward,toe,28.1,175.9,50.71801,-1.838597,-3.99,-5.45,-4.66,-2.8,4,-3.31,-3.31,-0.68,117452,117452
toe_west_flank,toe,-38.0,224.8,50.717505,-1.839447,-5.62,-7.08,-6.21,-4.87,12,-3.3,-3.3,-2.32,117452,117452
toe_east_flank,toe,48.1,199.9,50.717817,-1.838276,-4.03,-5.49,-4.34,-3.87,6,-2.37,-2.37,-1.66,117452,117452
toe_offshore_tail,toe,-20.0,279.8,50.717033,-1.839104,-5.62,-7.08,-6.21,-4.87,12,-4.69,-4.69,-0.93,117452,117452
seabed_y100,seabed,0.0,99.9,50.71866,-1.839115,-3.99,-5.45,-4.66,-2.8,4,-1.34,-1.34,-2.65,117452,117452
seabed_y320,seabed,0.0,319.7,50.716697,-1.838757,-5.62,-7.08,-6.21,-4.87,12,-5.04,-5.04,-0.58,117452,117452
seabed_80m_west,seabed,-80.1,224.8,50.717462,-1.840039,-5.53,-6.99,-6.07,-4.74,12,-3.44,-3.44,-2.09,117452,117452
seabed_90m_east,seabed,90.2,214.9,50.717726,-1.83766,-4.03,-5.49,-4.34,-3.87,6,-2.68,-2.68,-1.35,117452,117452
